-- Script de Inserção de Dados - Copa do Mundo FIFA
-- Gerado automaticamente a partir dos arquivos CSV
-- Data: sáb 22 nov 2025 18:49:06 -03

USE COPA_DO_MUNDO;

SET FOREIGN_KEY_CHECKS = 0;

-- Inserção de dados na tabela TEAMS
INSERT INTO TEAMS (team_id, team_name, team_code, federation_name, region_name) VALUES
('T-01', 'Algeria', 'DZA', 'Algerian Football Federation', 'Africa'),
('T-02', 'Angola', 'AGO', 'Angolan Football Federation', 'Africa'),
('T-03', 'Argentina', 'ARG', 'Argentine Football Association', 'South America'),
('T-04', 'Australia', 'AUS', 'Football Australia', 'Oceania'),
('T-05', 'Austria', 'AUT', 'Austrian Football Association', 'Europe'),
('T-06', 'Belgium', 'BEL', 'Royal Belgian Football Association', 'Europe'),
('T-07', 'Bolivia', 'BOL', 'Bolivian Football Federation', 'South America'),
('T-08', 'Bosnia and Herzegovina', 'BIH', 'Football Association of Bosnia and Herzegovina', 'Europe'),
('T-09', 'Brazil', 'BRA', 'Brazilian Football Confederation', 'South America'),
('T-10', 'Bulgaria', 'BGR', 'Bulgarian Football Union', 'Europe'),
('T-11', 'Cameroon', 'CMR', 'Cameroonian Football Federation', 'Africa'),
('T-12', 'Canada', 'CAN', 'Canadian Soccer Association', 'North America'),
('T-13', 'Chile', 'CHL', 'Football Federation of Chile', 'South America'),
('T-14', 'China', 'CHN', 'Chinese Football Association', 'East Asia'),
('T-15', 'Colombia', 'COL', 'Colombia Football Federation', 'South America'),
('T-16', 'Costa Rica', 'CRI', 'Costa Rican Football Federation', 'Central America'),
('T-17', 'Croatia', 'HRV', 'Croatian Football Federation', 'Europe'),
('T-18', 'Cuba', 'CUB', 'Football Association of Cuba', 'Caribbean'),
('T-19', 'Czech Republic', 'CZE', 'Football Association of the Czech Republic', 'Europe'),
('T-20', 'Czechoslovakia', 'CSK', 'Football Association of the Czechoslovakia', 'Europe'),
('T-21', 'Denmark', 'DNK', 'Danish Football Association', 'Europe'),
('T-22', 'Dutch East Indies', 'IDN', 'Football Association of Indonesia', 'South East Asia'),
('T-23', 'East Germany', 'DDR', 'Football Association of East Germany', 'Europe'),
('T-24', 'Ecuador', 'ECU', 'Ecuadorian Football Federation', 'South America'),
('T-25', 'Egypt', 'EGY', 'Egyptian Football Association', 'Africa'),
('T-26', 'El Salvador', 'SLV', 'Salvadorian Football Federation', 'Central America'),
('T-27', 'England', 'ENG', 'The Football Association', 'Europe'),
('T-28', 'France', 'FRA', 'French Football Association', 'Europe'),
('T-29', 'Germany', 'DEU', 'Germany Football Association', 'Europe'),
('T-30', 'Ghana', 'GHA', 'Ghana Football Association', 'Africa'),
('T-31', 'Greece', 'GRC', 'Hellenic Football Associaiton', 'Europe'),
('T-32', 'Haiti', 'HTI', 'Haitian Football Federation', 'Caribbean'),
('T-33', 'Honduras', 'HND', 'National Autonomous Federation of Football of Honduras', 'Central America'),
('T-34', 'Hungary', 'HUN', 'Hungary Football Association', 'Europe'),
('T-35', 'Iceland', 'ISL', 'Football Association of Iceland', 'Europe'),
('T-36', 'Iran', 'IRN', 'Football Federation Islamic Republic of Iran', 'Middle East'),
('T-37', 'Iraq', 'IRQ', 'Iraq Football Association', 'Middle East'),
('T-38', 'Israel', 'ISR', 'Israel Football Association', 'Middle East'),
('T-39', 'Italy', 'ITA', 'Italian Football Association', 'Europe'),
('T-40', 'Ivory Coast', 'CIV', 'Ivorian Football Federation', 'Africa'),
('T-41', 'Jamaica', 'JAM', 'Jamaica Football Federation', 'Caribbean'),
('T-42', 'Japan', 'JPN', 'Japan Football Association', 'East Asia'),
('T-43', 'Kuwait', 'KWT', 'Kuwait Football Association', 'Middle East'),
('T-44', 'Mexico', 'MEX', 'Mexican Football Federation', 'North America'),
('T-45', 'Morocco', 'MAR', 'Royal Moroccan Football Federation', 'Africa'),
('T-46', 'Netherlands', 'NLD', 'Royal Dutch Football Association', 'Europe'),
('T-47', 'New Zealand', 'NZL', 'New Zealand Football', 'Oceania'),
('T-48', 'Nigeria', 'NGA', 'Nigeria Football Federation', 'Africa'),
('T-49', 'North Korea', 'PRK', 'Democratic People''s Republic of Korea Football Association', 'East Asia'),
('T-50', 'Northern Ireland', 'NIR', 'Irish Football Association', 'Europe'),
('T-51', 'Norway', 'NOR', 'Norwegian Football Federation', 'Europe'),
('T-52', 'Panama', 'PAN', 'Panamanian Football Federation', 'Central America'),
('T-53', 'Paraguay', 'PRY', 'Paraguayan Football Association', 'South America'),
('T-54', 'Peru', 'PER', 'Peruvian Football Association', 'South America'),
('T-55', 'Poland', 'POL', 'Polish Football Association', 'Europe'),
('T-56', 'Portugal', 'PRT', 'Portuguese Football Federation', 'Europe'),
('T-57', 'Republic of Ireland', 'IRL', 'Football Association of Ireland', 'Europe'),
('T-58', 'Romania', 'ROU', 'Romanian Football Federation', 'Europe'),
('T-59', 'Russia', 'RUS', 'Russian Football Union', 'Europe, Asia'),
('T-60', 'Saudi Arabia', 'SAU', 'Saudi Arabian Football Association', 'Middle East'),
('T-61', 'Scotland', 'SCO', 'Scottish Football Association', 'Europe'),
('T-62', 'Senegal', 'SEN', 'Senegalese Football Federation', 'Africa'),
('T-63', 'Serbia', 'SRB', 'Football Association of Serbia', 'Europe'),
('T-64', 'Serbia and Montenegro', 'SCG', 'Football Association of Serbia and Montenegro', 'Europe'),
('T-65', 'Slovakia', 'SVK', 'Slovak Football Association', 'Europe'),
('T-66', 'Slovenia', 'SVN', 'Football Association of Slovenia', 'Europe'),
('T-67', 'South Africa', 'ZAF', 'South African Football Associaiton', 'Africa'),
('T-68', 'South Korea', 'KOR', 'Korea Football Association', 'East Asia'),
('T-69', 'Soviet Union', 'SUN', 'Football Federation of the Soviet Union', 'Europe, Asia'),
('T-70', 'Spain', 'ESP', 'Royal Spanish Football Federation', 'Europe'),
('T-71', 'Sweden', 'SWE', 'Swedish Football Association', 'Europe'),
('T-72', 'Switzerland', 'CHE', 'Swiss Football Association', 'Europe'),
('T-73', 'Togo', 'TGO', 'Togolese Football Federation', 'Africa'),
('T-74', 'Trinidad and Tobago', 'TTO', 'Trinidad and Tobago Football Assocaition', 'Caribbean'),
('T-75', 'Tunisia', 'TUN', 'Tunisian Football Federation', 'Africa'),
('T-76', 'Turkey', 'TUR', 'Turkish Football Association', 'Europe, Asia'),
('T-77', 'Ukraine', 'UKR', 'Ukrainian Association of Football', 'Europe'),
('T-78', 'United Arab Emirates', 'ARE', 'United Arab Emirates Football Association', 'Middle East'),
('T-79', 'United States', 'USA', 'United States Soccer Federation', 'North America'),
('T-80', 'Uruguay', 'URY', 'Uruguayan Football Association', 'South America'),
('T-81', 'Wales', 'WAL', 'Football Association of Wales', 'Europe'),
('T-82', 'West Germany', 'DEU', 'Germany Football Association', 'Europe'),
('T-83', 'Yugoslavia', 'YUG', 'Football Association of Yugoslavia', 'Europe'),
('T-84', 'Zaire', 'COD', 'Congolese Association Football Federation', 'Africa');

-- Inserção de dados na tabela TORNEIOS
INSERT INTO TORNEIOS (tournament_id, year, start_date, end_date, country_name, winner) VALUES
('WC-1930', 1930, '1930-07-13', '1930-07-30', 'Uruguay', 'Uruguay'),
('WC-1934', 1934, '1934-05-27', '1934-06-10', 'Italy', 'Italy'),
('WC-1938', 1938, '1938-06-04', '1938-06-19', 'France', 'Italy'),
('WC-1950', 1950, '1950-06-24', '1950-07-16', 'Brazil', 'Uruguay'),
('WC-1954', 1954, '1954-06-16', '1954-07-04', 'Switzerland', 'West Germany'),
('WC-1958', 1958, '1958-06-08', '1958-06-29', 'Sweden', 'Brazil'),
('WC-1962', 1962, '1962-05-30', '1962-07-17', 'Chile', 'Brazil'),
('WC-1966', 1966, '1966-07-11', '1966-07-30', 'England', 'England'),
('WC-1970', 1970, '1970-05-31', '1970-06-21', 'Mexico', 'Brazil'),
('WC-1974', 1974, '1974-06-13', '1974-07-07', 'West Germany', 'West Germany'),
('WC-1978', 1978, '1978-06-01', '1978-06-25', 'Argentina', 'Argentina'),
('WC-1982', 1982, '1982-06-13', '1982-07-11', 'Spain', 'Italy'),
('WC-1986', 1986, '1986-05-31', '1986-06-29', 'Mexico', 'Argentina'),
('WC-1990', 1990, '1990-06-08', '1990-07-08', 'Italy', 'West Germany'),
('WC-1994', 1994, '1994-06-17', '1994-07-17', 'United States', 'Brazil'),
('WC-1998', 1998, '1998-06-10', '1998-07-12', 'France', 'France'),
('WC-2002', 2002, '2002-05-31', '2002-06-30', 'Korea, Japan', 'Brazil'),
('WC-2006', 2006, '2006-06-09', '2006-07-09', 'Germany', 'Italy'),
('WC-2010', 2010, '2010-06-11', '2010-07-11', 'South Africa', 'Spain'),
('WC-2014', 2014, '2014-06-12', '2014-07-13', 'Brazil', 'Germany'),
('WC-2018', 2018, '2018-06-14', '2018-07-15', 'Russia', 'France');

-- Inserção de dados na tabela PARTIDAS
INSERT INTO PARTIDAS (tournament_id, match_id, stage_name, group_name, stadium_name, match_date, team_a_id, team_b_id, score_a, score_b, team_a_win, team_b_win, draw) VALUES
('WC-1930', 'M-1930-01', 'group stage', 'Group 1', 'Estadio Pocitos', '1930-07-13', 'T-28', 'T-44', 4, 1, 1, 0, 0),
('WC-1930', 'M-1930-02', 'group stage', 'Group 4', 'Estadio Gran Parque Central', '1930-07-13', 'T-79', 'T-06', 3, 0, 1, 0, 0),
('WC-1930', 'M-1930-03', 'group stage', 'Group 2', 'Estadio Gran Parque Central', '1930-07-14', 'T-83', 'T-09', 2, 1, 1, 0, 0),
('WC-1930', 'M-1930-04', 'group stage', 'Group 3', 'Estadio Pocitos', '1930-07-14', 'T-58', 'T-54', 3, 1, 1, 0, 0),
('WC-1930', 'M-1930-05', 'group stage', 'Group 1', 'Estadio Gran Parque Central', '1930-07-15', 'T-03', 'T-28', 1, 0, 1, 0, 0),
('WC-1930', 'M-1930-06', 'group stage', 'Group 1', 'Estadio Gran Parque Central', '1930-07-16', 'T-13', 'T-44', 3, 0, 1, 0, 0),
('WC-1930', 'M-1930-07', 'group stage', 'Group 2', 'Estadio Gran Parque Central', '1930-07-17', 'T-83', 'T-07', 4, 0, 1, 0, 0),
('WC-1930', 'M-1930-08', 'group stage', 'Group 4', 'Estadio Gran Parque Central', '1930-07-17', 'T-79', 'T-53', 3, 0, 1, 0, 0),
('WC-1930', 'M-1930-09', 'group stage', 'Group 3', 'Estadio Centenario', '1930-07-18', 'T-80', 'T-54', 1, 0, 1, 0, 0),
('WC-1930', 'M-1930-10', 'group stage', 'Group 1', 'Estadio Centenario', '1930-07-19', 'T-13', 'T-28', 1, 0, 1, 0, 0),
('WC-1930', 'M-1930-11', 'group stage', 'Group 1', 'Estadio Centenario', '1930-07-19', 'T-03', 'T-44', 6, 3, 1, 0, 0),
('WC-1930', 'M-1930-12', 'group stage', 'Group 2', 'Estadio Centenario', '1930-07-20', 'T-09', 'T-07', 4, 0, 1, 0, 0),
('WC-1930', 'M-1930-13', 'group stage', 'Group 4', 'Estadio Centenario', '1930-07-20', 'T-53', 'T-06', 1, 0, 1, 0, 0),
('WC-1930', 'M-1930-14', 'group stage', 'Group 3', 'Estadio Centenario', '1930-07-21', 'T-80', 'T-58', 4, 0, 1, 0, 0),
('WC-1930', 'M-1930-15', 'group stage', 'Group 1', 'Estadio Centenario', '1930-07-22', 'T-03', 'T-13', 3, 1, 1, 0, 0),
('WC-1930', 'M-1930-16', 'semi-finals', NULL, 'Estadio Centenario', '1930-07-26', 'T-03', 'T-79', 6, 1, 1, 0, 0),
('WC-1930', 'M-1930-17', 'semi-finals', NULL, 'Estadio Centenario', '1930-07-27', 'T-80', 'T-83', 6, 1, 1, 0, 0),
('WC-1930', 'M-1930-18', 'final', NULL, 'Estadio Centenario', '1930-07-30', 'T-80', 'T-03', 4, 2, 1, 0, 0),
('WC-1934', 'M-1934-01', 'round of 16', NULL, 'Stadio Benito Mussolini', '1934-05-27', 'T-05', 'T-28', 3, 2, 1, 0, 0),
('WC-1934', 'M-1934-02', 'round of 16', NULL, 'Stadio Littorio', '1934-05-27', 'T-20', 'T-58', 2, 1, 1, 0, 0),
('WC-1934', 'M-1934-03', 'round of 16', NULL, 'Stadio Giovanni Berta', '1934-05-27', 'T-29', 'T-06', 5, 2, 1, 0, 0),
('WC-1934', 'M-1934-04', 'round of 16', NULL, 'Stadio Giorgio Ascarelli', '1934-05-27', 'T-34', 'T-25', 4, 2, 1, 0, 0),
('WC-1934', 'M-1934-05', 'round of 16', NULL, 'Stadio Nazionale PNF', '1934-05-27', 'T-39', 'T-79', 7, 1, 1, 0, 0),
('WC-1934', 'M-1934-06', 'round of 16', NULL, 'Stadio Luigi Ferraris', '1934-05-27', 'T-70', 'T-09', 3, 1, 1, 0, 0),
('WC-1934', 'M-1934-07', 'round of 16', NULL, 'Stadio Renato Dall''Ara', '1934-05-27', 'T-71', 'T-03', 3, 2, 1, 0, 0),
('WC-1934', 'M-1934-08', 'round of 16', NULL, 'San Siro', '1934-05-27', 'T-72', 'T-46', 3, 2, 1, 0, 0),
('WC-1934', 'M-1934-09', 'quarter-finals', NULL, 'Stadio Renato Dall''Ara', '1934-05-31', 'T-05', 'T-34', 2, 1, 1, 0, 0),
('WC-1934', 'M-1934-10', 'quarter-finals', NULL, 'Stadio Benito Mussolini', '1934-05-31', 'T-20', 'T-72', 3, 2, 1, 0, 0),
('WC-1934', 'M-1934-11', 'quarter-finals', NULL, 'San Siro', '1934-05-31', 'T-29', 'T-71', 2, 1, 1, 0, 0),
('WC-1934', 'M-1934-12', 'quarter-finals', NULL, 'Stadio Giovanni Berta', '1934-05-31', 'T-39', 'T-70', 1, 1, 0, 0, 1),
('WC-1934', 'M-1934-13', 'quarter-finals', NULL, 'Stadio Giovanni Berta', '1934-06-01', 'T-39', 'T-70', 1, 0, 1, 0, 0),
('WC-1934', 'M-1934-14', 'semi-finals', NULL, 'Stadio Nazionale PNF', '1934-06-03', 'T-20', 'T-29', 3, 1, 1, 0, 0),
('WC-1934', 'M-1934-15', 'semi-finals', NULL, 'San Siro', '1934-06-03', 'T-39', 'T-05', 1, 0, 1, 0, 0),
('WC-1934', 'M-1934-16', 'third-place match', NULL, 'Stadio Giorgio Ascarelli', '1934-06-07', 'T-29', 'T-05', 3, 2, 1, 0, 0),
('WC-1934', 'M-1934-17', 'final', NULL, 'Stadio Nazionale PNF', '1934-06-10', 'T-39', 'T-20', 2, 1, 1, 0, 0),
('WC-1938', 'M-1938-01', 'round of 16', NULL, 'Parc des Princes', '1938-06-04', 'T-72', 'T-29', 1, 1, 0, 0, 1),
('WC-1938', 'M-1938-02', 'round of 16', NULL, 'Stade du T.O.E.C.', '1938-06-05', 'T-18', 'T-58', 3, 3, 0, 0, 1),
('WC-1938', 'M-1938-03', 'round of 16', NULL, 'Stade Olympique de Colombes', '1938-06-05', 'T-28', 'T-06', 3, 1, 1, 0, 0),
('WC-1938', 'M-1938-04', 'round of 16', NULL, 'Vélodrome Municipal', '1938-06-05', 'T-34', 'T-22', 6, 0, 1, 0, 0),
('WC-1938', 'M-1938-05', 'round of 16', NULL, 'Stade Vélodrome', '1938-06-05', 'T-39', 'T-51', 2, 1, 1, 0, 0),
('WC-1938', 'M-1938-06', 'round of 16', NULL, 'Stade de la Meinau', '1938-06-05', 'T-09', 'T-55', 6, 5, 1, 0, 0),
('WC-1938', 'M-1938-07', 'round of 16', NULL, 'Stade Jules Deschaseaux', '1938-06-05', 'T-20', 'T-46', 3, 0, 1, 0, 0),
('WC-1938', 'M-1938-08', 'round of 16', NULL, 'Stade du T.O.E.C.', '1938-06-09', 'T-18', 'T-58', 2, 1, 1, 0, 0),
('WC-1938', 'M-1938-09', 'round of 16', NULL, 'Parc des Princes', '1938-06-09', 'T-72', 'T-29', 4, 2, 1, 0, 0),
('WC-1938', 'M-1938-10', 'quarter-finals', NULL, 'Stade du Parc Lescure', '1938-06-12', 'T-09', 'T-20', 1, 1, 0, 0, 1),
('WC-1938', 'M-1938-11', 'quarter-finals', NULL, 'Stade Victor Boucquey', '1938-06-12', 'T-34', 'T-72', 2, 0, 1, 0, 0),
('WC-1938', 'M-1938-12', 'quarter-finals', NULL, 'Stade Olympique de Colombes', '1938-06-12', 'T-39', 'T-28', 3, 1, 1, 0, 0),
('WC-1938', 'M-1938-13', 'quarter-finals', NULL, 'Stade du Fort Carré', '1938-06-12', 'T-71', 'T-18', 8, 0, 1, 0, 0),
('WC-1938', 'M-1938-14', 'quarter-finals', NULL, 'Stade du Parc Lescure', '1938-06-14', 'T-09', 'T-20', 2, 1, 1, 0, 0),
('WC-1938', 'M-1938-15', 'semi-finals', NULL, 'Parc des Princes', '1938-06-16', 'T-34', 'T-71', 5, 1, 1, 0, 0),
('WC-1938', 'M-1938-16', 'semi-finals', NULL, 'Stade Vélodrome', '1938-06-16', 'T-39', 'T-09', 2, 1, 1, 0, 0),
('WC-1938', 'M-1938-17', 'third-place match', NULL, 'Stade du Parc Lescure', '1938-06-19', 'T-09', 'T-71', 4, 2, 1, 0, 0),
('WC-1938', 'M-1938-18', 'final', NULL, 'Stade Olympique de Colombes', '1938-06-19', 'T-39', 'T-34', 4, 2, 1, 0, 0),
('WC-1950', 'M-1950-01', 'group stage', 'Group 1', 'Estádio do Maracanã', '1950-06-24', 'T-09', 'T-44', 4, 0, 1, 0, 0),
('WC-1950', 'M-1950-02', 'group stage', 'Group 1', 'Estádio Independência', '1950-06-25', 'T-83', 'T-72', 3, 0, 1, 0, 0),
('WC-1950', 'M-1950-03', 'group stage', 'Group 2', 'Estádio do Maracanã', '1950-06-25', 'T-27', 'T-13', 2, 0, 1, 0, 0),
('WC-1950', 'M-1950-04', 'group stage', 'Group 2', 'Estádio Vila Capanema', '1950-06-25', 'T-70', 'T-79', 3, 1, 1, 0, 0),
('WC-1950', 'M-1950-05', 'group stage', 'Group 3', 'Estádio do Pacaembu', '1950-06-25', 'T-71', 'T-39', 3, 2, 1, 0, 0),
('WC-1950', 'M-1950-06', 'group stage', 'Group 1', 'Estádio do Pacaembu', '1950-06-28', 'T-09', 'T-72', 2, 2, 0, 0, 1),
('WC-1950', 'M-1950-07', 'group stage', 'Group 1', 'Estádio dos Eucaliptos', '1950-06-28', 'T-83', 'T-44', 4, 1, 1, 0, 0),
('WC-1950', 'M-1950-08', 'group stage', 'Group 2', 'Estádio do Maracanã', '1950-06-29', 'T-70', 'T-13', 2, 0, 1, 0, 0),
('WC-1950', 'M-1950-09', 'group stage', 'Group 2', 'Estádio Independência', '1950-06-29', 'T-79', 'T-27', 1, 0, 1, 0, 0),
('WC-1950', 'M-1950-10', 'group stage', 'Group 3', 'Estádio Vila Capanema', '1950-06-29', 'T-71', 'T-53', 2, 2, 0, 0, 1),
('WC-1950', 'M-1950-11', 'group stage', 'Group 1', 'Estádio do Maracanã', '1950-07-01', 'T-09', 'T-83', 2, 0, 1, 0, 0),
('WC-1950', 'M-1950-12', 'group stage', 'Group 2', 'Estádio Ilha do Retiro', '1950-07-02', 'T-13', 'T-79', 5, 2, 1, 0, 0),
('WC-1950', 'M-1950-13', 'group stage', 'Group 2', 'Estádio do Maracanã', '1950-07-02', 'T-70', 'T-27', 1, 0, 1, 0, 0),
('WC-1950', 'M-1950-14', 'group stage', 'Group 3', 'Estádio do Pacaembu', '1950-07-02', 'T-39', 'T-53', 2, 0, 1, 0, 0),
('WC-1950', 'M-1950-15', 'group stage', 'Group 4', 'Estádio Independência', '1950-07-02', 'T-80', 'T-07', 8, 0, 1, 0, 0),
('WC-1950', 'M-1950-16', 'group stage', 'Group 1', 'Estádio dos Eucaliptos', '1950-07-02', 'T-72', 'T-44', 2, 1, 1, 0, 0),
('WC-1950', 'M-1950-17', 'final round', NULL, 'Estádio do Maracanã', '1950-07-09', 'T-09', 'T-71', 7, 1, 1, 0, 0),
('WC-1950', 'M-1950-18', 'final round', NULL, 'Estádio do Pacaembu', '1950-07-09', 'T-80', 'T-70', 2, 2, 0, 0, 1),
('WC-1950', 'M-1950-19', 'final round', NULL, 'Estádio do Maracanã', '1950-07-13', 'T-09', 'T-70', 6, 1, 1, 0, 0),
('WC-1950', 'M-1950-20', 'final round', NULL, 'Estádio do Pacaembu', '1950-07-13', 'T-80', 'T-71', 3, 2, 1, 0, 0),
('WC-1950', 'M-1950-21', 'final round', NULL, 'Estádio do Pacaembu', '1950-07-16', 'T-71', 'T-70', 3, 1, 1, 0, 0),
('WC-1950', 'M-1950-22', 'final round', NULL, 'Estádio do Maracanã', '1950-07-16', 'T-80', 'T-09', 2, 1, 1, 0, 0),
('WC-1954', 'M-1954-01', 'group stage', 'Group 1', 'Charmilles Stadium', '1954-06-16', 'T-09', 'T-44', 5, 0, 1, 0, 0),
('WC-1954', 'M-1954-02', 'group stage', 'Group 1', 'Stade Olympique de la Pontaise', '1954-06-16', 'T-83', 'T-28', 1, 0, 1, 0, 0),
('WC-1954', 'M-1954-03', 'group stage', 'Group 3', 'Hardturm Stadium', '1954-06-16', 'T-05', 'T-61', 1, 0, 1, 0, 0),
('WC-1954', 'M-1954-04', 'group stage', 'Group 3', 'Wankdorf Stadium', '1954-06-16', 'T-80', 'T-20', 2, 0, 1, 0, 0),
('WC-1954', 'M-1954-05', 'group stage', 'Group 4', 'Stade Olympique de la Pontaise', '1954-06-17', 'T-72', 'T-39', 2, 1, 1, 0, 0),
('WC-1954', 'M-1954-06', 'group stage', 'Group 2', 'Hardturm Stadium', '1954-06-17', 'T-34', 'T-68', 9, 0, 1, 0, 0),
('WC-1954', 'M-1954-07', 'group stage', 'Group 2', 'Wankdorf Stadium', '1954-06-17', 'T-82', 'T-76', 4, 1, 1, 0, 0),
('WC-1954', 'M-1954-08', 'group stage', 'Group 4', 'St. Jakob Stadium', '1954-06-17', 'T-27', 'T-06', 4, 4, 0, 0, 1),
('WC-1954', 'M-1954-09', 'group stage', 'Group 3', 'St. Jakob Stadium', '1954-06-19', 'T-80', 'T-61', 7, 0, 1, 0, 0),
('WC-1954', 'M-1954-10', 'group stage', 'Group 1', 'Stade Olympique de la Pontaise', '1954-06-19', 'T-09', 'T-83', 1, 1, 0, 0, 1),
('WC-1954', 'M-1954-11', 'group stage', 'Group 3', 'Hardturm Stadium', '1954-06-19', 'T-05', 'T-20', 5, 0, 1, 0, 0),
('WC-1954', 'M-1954-12', 'group stage', 'Group 1', 'Charmilles Stadium', '1954-06-19', 'T-28', 'T-44', 3, 2, 1, 0, 0),
('WC-1954', 'M-1954-13', 'group stage', 'Group 2', 'St. Jakob Stadium', '1954-06-20', 'T-34', 'T-82', 8, 3, 1, 0, 0),
('WC-1954', 'M-1954-14', 'group stage', 'Group 2', 'Charmilles Stadium', '1954-06-20', 'T-76', 'T-68', 7, 0, 1, 0, 0),
('WC-1954', 'M-1954-15', 'group stage', 'Group 4', 'Cornaredo Stadium', '1954-06-20', 'T-39', 'T-06', 4, 1, 1, 0, 0),
('WC-1954', 'M-1954-16', 'group stage', 'Group 4', 'Wankdorf Stadium', '1954-06-20', 'T-27', 'T-72', 2, 0, 1, 0, 0),
('WC-1954', 'M-1954-17', 'group stage', 'Group 2', 'Hardturm Stadium', '1954-06-23', 'T-82', 'T-76', 7, 2, 1, 0, 0),
('WC-1954', 'M-1954-18', 'group stage', 'Group 4', 'St. Jakob Stadium', '1954-06-23', 'T-72', 'T-39', 4, 1, 1, 0, 0),
('WC-1954', 'M-1954-19', 'quarter-finals', NULL, 'Stade Olympique de la Pontaise', '1954-06-26', 'T-05', 'T-72', 7, 5, 1, 0, 0),
('WC-1954', 'M-1954-20', 'quarter-finals', NULL, 'St. Jakob Stadium', '1954-06-26', 'T-80', 'T-27', 4, 2, 1, 0, 0),
('WC-1954', 'M-1954-21', 'quarter-finals', NULL, 'Wankdorf Stadium', '1954-06-27', 'T-34', 'T-09', 4, 2, 1, 0, 0),
('WC-1954', 'M-1954-22', 'quarter-finals', NULL, 'Charmilles Stadium', '1954-06-27', 'T-82', 'T-83', 2, 0, 1, 0, 0),
('WC-1954', 'M-1954-23', 'semi-finals', NULL, 'Stade Olympique de la Pontaise', '1954-06-30', 'T-34', 'T-80', 4, 2, 1, 0, 0),
('WC-1954', 'M-1954-24', 'semi-finals', NULL, 'St. Jakob Stadium', '1954-06-30', 'T-82', 'T-05', 6, 1, 1, 0, 0),
('WC-1954', 'M-1954-25', 'third-place match', NULL, 'Hardturm Stadium', '1954-07-03', 'T-05', 'T-80', 3, 1, 1, 0, 0),
('WC-1954', 'M-1954-26', 'final', NULL, 'Wankdorf Stadium', '1954-07-04', 'T-82', 'T-34', 3, 2, 1, 0, 0),
('WC-1958', 'M-1958-01', 'group stage', 'Group 3', 'Råsunda Stadium', '1958-06-08', 'T-71', 'T-44', 3, 0, 1, 0, 0),
('WC-1958', 'M-1958-02', 'group stage', 'Group 1', 'Malmö Stadion', '1958-06-08', 'T-03', 'T-82', 1, 3, 0, 1, 0),
('WC-1958', 'M-1958-03', 'group stage', 'Group 1', 'Örjans Vall', '1958-06-08', 'T-50', 'T-20', 1, 0, 1, 0, 0),
('WC-1958', 'M-1958-04', 'group stage', 'Group 2', 'Idrottsparken', '1958-06-08', 'T-28', 'T-53', 7, 3, 1, 0, 0),
('WC-1958', 'M-1958-05', 'group stage', 'Group 2', 'Arosvallen', '1958-06-08', 'T-83', 'T-61', 1, 1, 0, 0, 1),
('WC-1958', 'M-1958-06', 'group stage', 'Group 3', 'Jernvallen', '1958-06-08', 'T-34', 'T-81', 1, 1, 0, 0, 1),
('WC-1958', 'M-1958-07', 'group stage', 'Group 4', 'Rimnersvallen', '1958-06-08', 'T-09', 'T-05', 3, 0, 1, 0, 0),
('WC-1958', 'M-1958-08', 'group stage', 'Group 4', 'Ullevi', '1958-06-08', 'T-69', 'T-27', 2, 2, 0, 0, 1),
('WC-1958', 'M-1958-09', 'group stage', 'Group 1', 'Örjans Vall', '1958-06-11', 'T-03', 'T-50', 3, 1, 1, 0, 0),
('WC-1958', 'M-1958-10', 'group stage', 'Group 1', 'Olympia', '1958-06-11', 'T-82', 'T-20', 2, 2, 0, 0, 1),
('WC-1958', 'M-1958-11', 'group stage', 'Group 2', 'Idrottsparken', '1958-06-11', 'T-53', 'T-61', 3, 2, 1, 0, 0),
('WC-1958', 'M-1958-12', 'group stage', 'Group 2', 'Arosvallen', '1958-06-11', 'T-83', 'T-28', 3, 2, 1, 0, 0),
('WC-1958', 'M-1958-13', 'group stage', 'Group 3', 'Råsunda Stadium', '1958-06-11', 'T-44', 'T-81', 1, 1, 0, 0, 1),
('WC-1958', 'M-1958-14', 'group stage', 'Group 4', 'Ullevi', '1958-06-11', 'T-09', 'T-27', 0, 0, 0, 0, 1),
('WC-1958', 'M-1958-15', 'group stage', 'Group 4', 'Ryavallen', '1958-06-11', 'T-69', 'T-05', 2, 0, 1, 0, 0),
('WC-1958', 'M-1958-16', 'group stage', 'Group 3', 'Råsunda Stadium', '1958-06-12', 'T-71', 'T-34', 2, 1, 1, 0, 0),
('WC-1958', 'M-1958-17', 'group stage', 'Group 3', 'Råsunda Stadium', '1958-06-15', 'T-71', 'T-81', 0, 0, 0, 0, 1),
('WC-1958', 'M-1958-18', 'group stage', 'Group 1', 'Olympia', '1958-06-15', 'T-20', 'T-03', 6, 1, 1, 0, 0),
('WC-1958', 'M-1958-19', 'group stage', 'Group 1', 'Malmö Stadion', '1958-06-15', 'T-82', 'T-50', 2, 2, 0, 0, 1),
('WC-1958', 'M-1958-20', 'group stage', 'Group 2', 'Eyravallen', '1958-06-15', 'T-28', 'T-61', 2, 1, 1, 0, 0),
('WC-1958', 'M-1958-21', 'group stage', 'Group 2', 'Tunavallen', '1958-06-15', 'T-53', 'T-83', 3, 3, 0, 0, 1),
('WC-1958', 'M-1958-22', 'group stage', 'Group 3', 'Jernvallen', '1958-06-15', 'T-34', 'T-44', 4, 0, 1, 0, 0),
('WC-1958', 'M-1958-23', 'group stage', 'Group 4', 'Ullevi', '1958-06-15', 'T-09', 'T-69', 2, 0, 1, 0, 0),
('WC-1958', 'M-1958-24', 'group stage', 'Group 4', 'Ryavallen', '1958-06-15', 'T-27', 'T-05', 2, 2, 0, 0, 1),
('WC-1958', 'M-1958-25', 'group stage', 'Group 1', 'Malmö Stadion', '1958-06-17', 'T-50', 'T-20', 2, 1, 1, 0, 0),
('WC-1958', 'M-1958-26', 'group stage', 'Group 3', 'Råsunda Stadium', '1958-06-17', 'T-81', 'T-34', 2, 1, 1, 0, 0),
('WC-1958', 'M-1958-27', 'group stage', 'Group 4', 'Ullevi', '1958-06-17', 'T-69', 'T-27', 1, 0, 1, 0, 0),
('WC-1958', 'M-1958-28', 'quarter-finals', NULL, 'Ullevi', '1958-06-19', 'T-09', 'T-81', 1, 0, 1, 0, 0),
('WC-1958', 'M-1958-29', 'quarter-finals', NULL, 'Idrottsparken', '1958-06-19', 'T-28', 'T-50', 4, 0, 1, 0, 0),
('WC-1958', 'M-1958-30', 'quarter-finals', NULL, 'Råsunda Stadium', '1958-06-19', 'T-71', 'T-69', 2, 0, 1, 0, 0),
('WC-1958', 'M-1958-31', 'quarter-finals', NULL, 'Malmö Stadion', '1958-06-19', 'T-82', 'T-83', 1, 0, 1, 0, 0),
('WC-1958', 'M-1958-32', 'semi-finals', NULL, 'Råsunda Stadium', '1958-06-24', 'T-09', 'T-28', 5, 2, 1, 0, 0),
('WC-1958', 'M-1958-33', 'semi-finals', NULL, 'Ullevi', '1958-06-24', 'T-71', 'T-82', 3, 1, 1, 0, 0),
('WC-1958', 'M-1958-34', 'third-place match', NULL, 'Ullevi', '1958-06-28', 'T-28', 'T-82', 6, 3, 1, 0, 0),
('WC-1958', 'M-1958-35', 'final', NULL, 'Råsunda Stadium', '1958-06-29', 'T-09', 'T-71', 5, 2, 1, 0, 0),
('WC-1962', 'M-1962-01', 'group stage', 'Group 1', 'Estadio Carlos Dittborn', '1962-05-30', 'T-80', 'T-15', 2, 1, 1, 0, 0),
('WC-1962', 'M-1962-02', 'group stage', 'Group 2', 'Estadio Nacional', '1962-05-30', 'T-13', 'T-72', 3, 1, 1, 0, 0),
('WC-1962', 'M-1962-03', 'group stage', 'Group 3', 'Estadio Sausalito', '1962-05-30', 'T-09', 'T-44', 2, 0, 1, 0, 0),
('WC-1962', 'M-1962-04', 'group stage', 'Group 4', 'Estadio El Teniente', '1962-05-30', 'T-03', 'T-10', 1, 0, 1, 0, 0),
('WC-1962', 'M-1962-05', 'group stage', 'Group 1', 'Estadio Carlos Dittborn', '1962-05-31', 'T-69', 'T-83', 2, 0, 1, 0, 0),
('WC-1962', 'M-1962-06', 'group stage', 'Group 2', 'Estadio Nacional', '1962-05-31', 'T-82', 'T-39', 0, 0, 0, 0, 1),
('WC-1962', 'M-1962-07', 'group stage', 'Group 3', 'Estadio Sausalito', '1962-05-31', 'T-20', 'T-70', 1, 0, 1, 0, 0),
('WC-1962', 'M-1962-08', 'group stage', 'Group 4', 'Estadio El Teniente', '1962-05-31', 'T-34', 'T-27', 2, 1, 1, 0, 0),
('WC-1962', 'M-1962-09', 'group stage', 'Group 1', 'Estadio Carlos Dittborn', '1962-06-02', 'T-83', 'T-80', 3, 1, 1, 0, 0),
('WC-1962', 'M-1962-10', 'group stage', 'Group 2', 'Estadio Nacional', '1962-06-02', 'T-13', 'T-39', 2, 0, 1, 0, 0),
('WC-1962', 'M-1962-11', 'group stage', 'Group 3', 'Estadio Sausalito', '1962-06-02', 'T-09', 'T-20', 0, 0, 0, 0, 1),
('WC-1962', 'M-1962-12', 'group stage', 'Group 4', 'Estadio El Teniente', '1962-06-02', 'T-27', 'T-03', 3, 1, 1, 0, 0),
('WC-1962', 'M-1962-13', 'group stage', 'Group 1', 'Estadio Carlos Dittborn', '1962-06-03', 'T-69', 'T-15', 4, 4, 0, 0, 1),
('WC-1962', 'M-1962-14', 'group stage', 'Group 2', 'Estadio Nacional', '1962-06-03', 'T-82', 'T-72', 2, 1, 1, 0, 0),
('WC-1962', 'M-1962-15', 'group stage', 'Group 3', 'Estadio Sausalito', '1962-06-03', 'T-70', 'T-44', 1, 0, 1, 0, 0),
('WC-1962', 'M-1962-16', 'group stage', 'Group 4', 'Estadio El Teniente', '1962-06-03', 'T-34', 'T-10', 6, 1, 1, 0, 0),
('WC-1962', 'M-1962-17', 'group stage', 'Group 1', 'Estadio Carlos Dittborn', '1962-06-06', 'T-69', 'T-80', 2, 1, 1, 0, 0),
('WC-1962', 'M-1962-18', 'group stage', 'Group 2', 'Estadio Nacional', '1962-06-06', 'T-82', 'T-13', 2, 0, 1, 0, 0),
('WC-1962', 'M-1962-19', 'group stage', 'Group 3', 'Estadio Sausalito', '1962-06-06', 'T-09', 'T-70', 2, 1, 1, 0, 0),
('WC-1962', 'M-1962-20', 'group stage', 'Group 4', 'Estadio El Teniente', '1962-06-06', 'T-34', 'T-03', 0, 0, 0, 0, 1),
('WC-1962', 'M-1962-21', 'group stage', 'Group 1', 'Estadio Carlos Dittborn', '1962-06-07', 'T-83', 'T-15', 5, 0, 1, 0, 0),
('WC-1962', 'M-1962-22', 'group stage', 'Group 2', 'Estadio Nacional', '1962-06-07', 'T-39', 'T-72', 3, 0, 1, 0, 0),
('WC-1962', 'M-1962-23', 'group stage', 'Group 3', 'Estadio Sausalito', '1962-06-07', 'T-44', 'T-20', 3, 1, 1, 0, 0),
('WC-1962', 'M-1962-24', 'group stage', 'Group 4', 'Estadio El Teniente', '1962-06-07', 'T-27', 'T-10', 0, 0, 0, 0, 1),
('WC-1962', 'M-1962-25', 'quarter-finals', NULL, 'Estadio Sausalito', '1962-06-10', 'T-09', 'T-27', 3, 1, 1, 0, 0),
('WC-1962', 'M-1962-26', 'quarter-finals', NULL, 'Estadio Carlos Dittborn', '1962-06-10', 'T-13', 'T-69', 2, 1, 1, 0, 0),
('WC-1962', 'M-1962-27', 'quarter-finals', NULL, 'Estadio El Teniente', '1962-06-10', 'T-20', 'T-34', 1, 0, 1, 0, 0),
('WC-1962', 'M-1962-28', 'quarter-finals', NULL, 'Estadio Nacional', '1962-06-10', 'T-83', 'T-82', 1, 0, 1, 0, 0),
('WC-1962', 'M-1962-29', 'semi-finals', NULL, 'Estadio Nacional', '1962-06-13', 'T-09', 'T-13', 4, 2, 1, 0, 0),
('WC-1962', 'M-1962-30', 'semi-finals', NULL, 'Estadio Sausalito', '1962-06-13', 'T-20', 'T-83', 3, 1, 1, 0, 0),
('WC-1962', 'M-1962-31', 'third-place match', NULL, 'Estadio Nacional', '1962-06-16', 'T-13', 'T-83', 1, 0, 1, 0, 0),
('WC-1962', 'M-1962-32', 'final', NULL, 'Estadio Nacional', '1962-06-17', 'T-09', 'T-20', 3, 1, 1, 0, 0),
('WC-1966', 'M-1966-01', 'group stage', 'Group 1', 'Wembley Stadium', '1966-07-11', 'T-27', 'T-80', 0, 0, 0, 0, 1),
('WC-1966', 'M-1966-02', 'group stage', 'Group 2', 'Hillsborough Stadium', '1966-07-12', 'T-82', 'T-72', 5, 0, 1, 0, 0),
('WC-1966', 'M-1966-03', 'group stage', 'Group 3', 'Goodison Park', '1966-07-12', 'T-09', 'T-10', 2, 0, 1, 0, 0),
('WC-1966', 'M-1966-04', 'group stage', 'Group 4', 'Ayresome Park', '1966-07-12', 'T-69', 'T-49', 3, 0, 1, 0, 0),
('WC-1966', 'M-1966-05', 'group stage', 'Group 1', 'Wembley Stadium', '1966-07-13', 'T-28', 'T-44', 1, 1, 0, 0, 1),
('WC-1966', 'M-1966-06', 'group stage', 'Group 2', 'Villa Park', '1966-07-13', 'T-03', 'T-70', 2, 1, 1, 0, 0),
('WC-1966', 'M-1966-07', 'group stage', 'Group 3', 'Old Trafford', '1966-07-13', 'T-56', 'T-34', 3, 1, 1, 0, 0),
('WC-1966', 'M-1966-08', 'group stage', 'Group 4', 'Roker Park', '1966-07-13', 'T-39', 'T-13', 2, 0, 1, 0, 0),
('WC-1966', 'M-1966-09', 'group stage', 'Group 1', 'White City Stadium', '1966-07-15', 'T-80', 'T-28', 2, 1, 1, 0, 0),
('WC-1966', 'M-1966-10', 'group stage', 'Group 2', 'Hillsborough Stadium', '1966-07-15', 'T-70', 'T-72', 2, 1, 1, 0, 0),
('WC-1966', 'M-1966-11', 'group stage', 'Group 3', 'Goodison Park', '1966-07-15', 'T-34', 'T-09', 3, 1, 1, 0, 0),
('WC-1966', 'M-1966-12', 'group stage', 'Group 4', 'Ayresome Park', '1966-07-15', 'T-13', 'T-49', 1, 1, 0, 0, 1),
('WC-1966', 'M-1966-13', 'group stage', 'Group 2', 'Villa Park', '1966-07-16', 'T-03', 'T-82', 0, 0, 0, 0, 1),
('WC-1966', 'M-1966-14', 'group stage', 'Group 3', 'Old Trafford', '1966-07-16', 'T-56', 'T-10', 3, 0, 1, 0, 0),
('WC-1966', 'M-1966-15', 'group stage', 'Group 4', 'Roker Park', '1966-07-16', 'T-69', 'T-39', 1, 0, 1, 0, 0),
('WC-1966', 'M-1966-16', 'group stage', 'Group 1', 'Wembley Stadium', '1966-07-16', 'T-27', 'T-44', 2, 0, 1, 0, 0),
('WC-1966', 'M-1966-17', 'group stage', 'Group 1', 'Wembley Stadium', '1966-07-19', 'T-44', 'T-80', 0, 0, 0, 0, 1),
('WC-1966', 'M-1966-18', 'group stage', 'Group 2', 'Hillsborough Stadium', '1966-07-19', 'T-03', 'T-72', 2, 0, 1, 0, 0),
('WC-1966', 'M-1966-19', 'group stage', 'Group 3', 'Goodison Park', '1966-07-19', 'T-56', 'T-09', 3, 1, 1, 0, 0),
('WC-1966', 'M-1966-20', 'group stage', 'Group 4', 'Ayresome Park', '1966-07-19', 'T-49', 'T-39', 1, 0, 1, 0, 0),
('WC-1966', 'M-1966-21', 'group stage', 'Group 1', 'Wembley Stadium', '1966-07-20', 'T-27', 'T-28', 2, 0, 1, 0, 0),
('WC-1966', 'M-1966-22', 'group stage', 'Group 2', 'Villa Park', '1966-07-20', 'T-82', 'T-70', 2, 1, 1, 0, 0),
('WC-1966', 'M-1966-23', 'group stage', 'Group 3', 'Old Trafford', '1966-07-20', 'T-34', 'T-10', 3, 1, 1, 0, 0),
('WC-1966', 'M-1966-24', 'group stage', 'Group 4', 'Roker Park', '1966-07-20', 'T-69', 'T-13', 2, 1, 1, 0, 0),
('WC-1966', 'M-1966-25', 'quarter-finals', NULL, 'Wembley Stadium', '1966-07-23', 'T-27', 'T-03', 1, 0, 1, 0, 0),
('WC-1966', 'M-1966-26', 'quarter-finals', NULL, 'Goodison Park', '1966-07-23', 'T-56', 'T-49', 5, 3, 1, 0, 0),
('WC-1966', 'M-1966-27', 'quarter-finals', NULL, 'Roker Park', '1966-07-23', 'T-69', 'T-34', 2, 1, 1, 0, 0),
('WC-1966', 'M-1966-28', 'quarter-finals', NULL, 'Hillsborough Stadium', '1966-07-23', 'T-82', 'T-80', 4, 0, 1, 0, 0),
('WC-1966', 'M-1966-29', 'semi-finals', NULL, 'Goodison Park', '1966-07-25', 'T-82', 'T-69', 2, 1, 1, 0, 0),
('WC-1966', 'M-1966-30', 'semi-finals', NULL, 'Wembley Stadium', '1966-07-26', 'T-27', 'T-56', 2, 1, 1, 0, 0),
('WC-1966', 'M-1966-31', 'third-place match', NULL, 'Wembley Stadium', '1966-07-28', 'T-56', 'T-69', 2, 1, 1, 0, 0),
('WC-1966', 'M-1966-32', 'final', NULL, 'Wembley Stadium', '1966-07-30', 'T-27', 'T-82', 4, 2, 1, 0, 0),
('WC-1970', 'M-1970-01', 'group stage', 'Group 1', 'Estadio Azteca', '1970-05-31', 'T-44', 'T-69', 0, 0, 0, 0, 1),
('WC-1970', 'M-1970-02', 'group stage', 'Group 2', 'Estadio Cuauhtémoc', '1970-06-02', 'T-80', 'T-38', 2, 0, 1, 0, 0),
('WC-1970', 'M-1970-03', 'group stage', 'Group 3', 'Estadio Jalisco', '1970-06-02', 'T-27', 'T-58', 1, 0, 1, 0, 0),
('WC-1970', 'M-1970-04', 'group stage', 'Group 4', 'Estadio Nou Camp', '1970-06-02', 'T-54', 'T-10', 3, 2, 1, 0, 0),
('WC-1970', 'M-1970-05', 'group stage', 'Group 1', 'Estadio Azteca', '1970-06-03', 'T-06', 'T-26', 3, 0, 1, 0, 0),
('WC-1970', 'M-1970-06', 'group stage', 'Group 2', 'La Bombonera', '1970-06-03', 'T-39', 'T-71', 1, 0, 1, 0, 0),
('WC-1970', 'M-1970-07', 'group stage', 'Group 3', 'Estadio Jalisco', '1970-06-03', 'T-09', 'T-20', 4, 1, 1, 0, 0),
('WC-1970', 'M-1970-08', 'group stage', 'Group 4', 'Estadio Nou Camp', '1970-06-03', 'T-82', 'T-45', 2, 1, 1, 0, 0),
('WC-1970', 'M-1970-09', 'group stage', 'Group 1', 'Estadio Azteca', '1970-06-06', 'T-69', 'T-06', 4, 1, 1, 0, 0),
('WC-1970', 'M-1970-10', 'group stage', 'Group 2', 'Estadio Cuauhtémoc', '1970-06-06', 'T-80', 'T-39', 0, 0, 0, 0, 1),
('WC-1970', 'M-1970-11', 'group stage', 'Group 3', 'Estadio Jalisco', '1970-06-06', 'T-58', 'T-20', 2, 1, 1, 0, 0),
('WC-1970', 'M-1970-12', 'group stage', 'Group 4', 'Estadio Nou Camp', '1970-06-06', 'T-54', 'T-45', 3, 0, 1, 0, 0),
('WC-1970', 'M-1970-13', 'group stage', 'Group 1', 'Estadio Azteca', '1970-06-07', 'T-44', 'T-26', 4, 0, 1, 0, 0),
('WC-1970', 'M-1970-14', 'group stage', 'Group 2', 'La Bombonera', '1970-06-07', 'T-71', 'T-38', 1, 1, 0, 0, 1),
('WC-1970', 'M-1970-15', 'group stage', 'Group 3', 'Estadio Jalisco', '1970-06-07', 'T-09', 'T-27', 1, 0, 1, 0, 0),
('WC-1970', 'M-1970-16', 'group stage', 'Group 4', 'Estadio Nou Camp', '1970-06-07', 'T-82', 'T-10', 5, 2, 1, 0, 0),
('WC-1970', 'M-1970-17', 'group stage', 'Group 1', 'Estadio Azteca', '1970-06-10', 'T-69', 'T-26', 2, 0, 1, 0, 0),
('WC-1970', 'M-1970-18', 'group stage', 'Group 2', 'Estadio Cuauhtémoc', '1970-06-10', 'T-71', 'T-80', 1, 0, 1, 0, 0),
('WC-1970', 'M-1970-19', 'group stage', 'Group 3', 'Estadio Jalisco', '1970-06-10', 'T-09', 'T-58', 3, 2, 1, 0, 0),
('WC-1970', 'M-1970-20', 'group stage', 'Group 4', 'Estadio Nou Camp', '1970-06-10', 'T-82', 'T-54', 3, 1, 1, 0, 0),
('WC-1970', 'M-1970-21', 'group stage', 'Group 1', 'Estadio Azteca', '1970-06-11', 'T-44', 'T-06', 1, 0, 1, 0, 0),
('WC-1970', 'M-1970-22', 'group stage', 'Group 2', 'La Bombonera', '1970-06-11', 'T-39', 'T-38', 0, 0, 0, 0, 1),
('WC-1970', 'M-1970-23', 'group stage', 'Group 3', 'Estadio Jalisco', '1970-06-11', 'T-27', 'T-20', 1, 0, 1, 0, 0),
('WC-1970', 'M-1970-24', 'group stage', 'Group 4', 'Estadio Nou Camp', '1970-06-11', 'T-10', 'T-45', 1, 1, 0, 0, 1),
('WC-1970', 'M-1970-25', 'quarter-finals', NULL, 'Estadio Jalisco', '1970-06-14', 'T-09', 'T-54', 4, 2, 1, 0, 0),
('WC-1970', 'M-1970-26', 'quarter-finals', NULL, 'La Bombonera', '1970-06-14', 'T-39', 'T-44', 4, 1, 1, 0, 0),
('WC-1970', 'M-1970-27', 'quarter-finals', NULL, 'Estadio Azteca', '1970-06-14', 'T-69', 'T-80', 0, 1, 0, 1, 0),
('WC-1970', 'M-1970-28', 'quarter-finals', NULL, 'Estadio Nou Camp', '1970-06-14', 'T-82', 'T-27', 3, 2, 1, 0, 0),
('WC-1970', 'M-1970-29', 'semi-finals', NULL, 'Estadio Jalisco', '1970-06-17', 'T-09', 'T-80', 3, 1, 1, 0, 0),
('WC-1970', 'M-1970-30', 'semi-finals', NULL, 'Estadio Azteca', '1970-06-17', 'T-39', 'T-82', 4, 3, 1, 0, 0),
('WC-1970', 'M-1970-31', 'third-place match', NULL, 'Estadio Azteca', '1970-06-20', 'T-82', 'T-80', 1, 0, 1, 0, 0),
('WC-1970', 'M-1970-32', 'final', NULL, 'Estadio Azteca', '1970-06-21', 'T-09', 'T-39', 4, 1, 1, 0, 0),
('WC-1974', 'M-1974-01', 'group stage', 'Group 2', 'Waldstadion', '1974-06-13', 'T-09', 'T-83', 0, 0, 0, 0, 1),
('WC-1974', 'M-1974-02', 'group stage', 'Group 1', 'Olympiastadion', '1974-06-14', 'T-82', 'T-13', 1, 0, 1, 0, 0),
('WC-1974', 'M-1974-03', 'group stage', 'Group 1', 'Volksparkstadion', '1974-06-14', 'T-23', 'T-04', 2, 0, 1, 0, 0),
('WC-1974', 'M-1974-04', 'group stage', 'Group 2', 'Westfalenstadion', '1974-06-14', 'T-84', 'T-61', 0, 2, 0, 1, 0),
('WC-1974', 'M-1974-05', 'group stage', 'Group 3', 'Rheinstadion', '1974-06-15', 'T-71', 'T-10', 0, 0, 0, 0, 1),
('WC-1974', 'M-1974-06', 'group stage', 'Group 3', 'Niedersachsenstadion', '1974-06-15', 'T-80', 'T-46', 0, 2, 0, 1, 0),
('WC-1974', 'M-1974-07', 'group stage', 'Group 4', 'Olympiastadion', '1974-06-15', 'T-39', 'T-32', 3, 1, 1, 0, 0),
('WC-1974', 'M-1974-08', 'group stage', 'Group 4', 'Neckarstadion', '1974-06-15', 'T-55', 'T-03', 3, 2, 1, 0, 0),
('WC-1974', 'M-1974-09', 'group stage', 'Group 1', 'Volksparkstadion', '1974-06-18', 'T-04', 'T-82', 0, 3, 0, 1, 0),
('WC-1974', 'M-1974-10', 'group stage', 'Group 1', 'Olympiastadion', '1974-06-18', 'T-13', 'T-23', 1, 1, 0, 0, 1),
('WC-1974', 'M-1974-11', 'group stage', 'Group 2', 'Waldstadion', '1974-06-18', 'T-61', 'T-09', 0, 0, 0, 0, 1),
('WC-1974', 'M-1974-12', 'group stage', 'Group 2', 'Parkstadion', '1974-06-18', 'T-83', 'T-84', 9, 0, 1, 0, 0),
('WC-1974', 'M-1974-13', 'group stage', 'Group 3', 'Niedersachsenstadion', '1974-06-19', 'T-10', 'T-80', 1, 1, 0, 0, 1),
('WC-1974', 'M-1974-14', 'group stage', 'Group 3', 'Westfalenstadion', '1974-06-19', 'T-46', 'T-71', 0, 0, 0, 0, 1),
('WC-1974', 'M-1974-15', 'group stage', 'Group 4', 'Neckarstadion', '1974-06-19', 'T-03', 'T-39', 1, 1, 0, 0, 1),
('WC-1974', 'M-1974-16', 'group stage', 'Group 4', 'Olympiastadion', '1974-06-19', 'T-32', 'T-55', 0, 7, 0, 1, 0),
('WC-1974', 'M-1974-17', 'group stage', 'Group 1', 'Olympiastadion', '1974-06-22', 'T-04', 'T-13', 0, 0, 0, 0, 1),
('WC-1974', 'M-1974-18', 'group stage', 'Group 2', 'Waldstadion', '1974-06-22', 'T-61', 'T-83', 1, 1, 0, 0, 1),
('WC-1974', 'M-1974-19', 'group stage', 'Group 2', 'Parkstadion', '1974-06-22', 'T-84', 'T-09', 0, 3, 0, 1, 0),
('WC-1974', 'M-1974-20', 'group stage', 'Group 1', 'Volksparkstadion', '1974-06-22', 'T-23', 'T-82', 1, 0, 1, 0, 0),
('WC-1974', 'M-1974-21', 'group stage', 'Group 3', 'Westfalenstadion', '1974-06-23', 'T-10', 'T-46', 1, 4, 0, 1, 0),
('WC-1974', 'M-1974-22', 'group stage', 'Group 3', 'Rheinstadion', '1974-06-23', 'T-71', 'T-80', 3, 0, 1, 0, 0),
('WC-1974', 'M-1974-23', 'group stage', 'Group 4', 'Olympiastadion', '1974-06-23', 'T-03', 'T-32', 4, 1, 1, 0, 0),
('WC-1974', 'M-1974-24', 'group stage', 'Group 4', 'Neckarstadion', '1974-06-23', 'T-55', 'T-39', 2, 1, 1, 0, 0),
('WC-1974', 'M-1974-25', 'second group stage', 'Group B', 'Rheinstadion', '1974-06-26', 'T-83', 'T-82', 0, 2, 0, 1, 0),
('WC-1974', 'M-1974-26', 'second group stage', 'Group A', 'Niedersachsenstadion', '1974-06-26', 'T-09', 'T-23', 1, 0, 1, 0, 0),
('WC-1974', 'M-1974-27', 'second group stage', 'Group A', 'Parkstadion', '1974-06-26', 'T-46', 'T-03', 4, 0, 1, 0, 0),
('WC-1974', 'M-1974-28', 'second group stage', 'Group B', 'Neckarstadion', '1974-06-26', 'T-71', 'T-55', 0, 1, 0, 1, 0),
('WC-1974', 'M-1974-29', 'second group stage', 'Group A', 'Niedersachsenstadion', '1974-06-30', 'T-03', 'T-09', 1, 2, 0, 1, 0),
('WC-1974', 'M-1974-30', 'second group stage', 'Group A', 'Parkstadion', '1974-06-30', 'T-23', 'T-46', 0, 2, 0, 1, 0),
('WC-1974', 'M-1974-31', 'second group stage', 'Group B', 'Waldstadion', '1974-06-30', 'T-55', 'T-83', 2, 1, 1, 0, 0),
('WC-1974', 'M-1974-32', 'second group stage', 'Group B', 'Rheinstadion', '1974-06-30', 'T-82', 'T-71', 4, 2, 1, 0, 0),
('WC-1974', 'M-1974-33', 'second group stage', 'Group B', 'Waldstadion', '1974-07-03', 'T-55', 'T-82', 0, 1, 0, 1, 0),
('WC-1974', 'M-1974-34', 'second group stage', 'Group A', 'Parkstadion', '1974-07-03', 'T-03', 'T-23', 1, 1, 0, 0, 1),
('WC-1974', 'M-1974-35', 'second group stage', 'Group A', 'Westfalenstadion', '1974-07-03', 'T-46', 'T-09', 2, 0, 1, 0, 0),
('WC-1974', 'M-1974-36', 'second group stage', 'Group B', 'Rheinstadion', '1974-07-03', 'T-71', 'T-83', 2, 1, 1, 0, 0),
('WC-1974', 'M-1974-37', 'third-place match', NULL, 'Olympiastadion', '1974-07-06', 'T-09', 'T-55', 0, 1, 0, 1, 0),
('WC-1974', 'M-1974-38', 'final', NULL, 'Olympiastadion', '1974-07-07', 'T-46', 'T-82', 1, 2, 0, 1, 0),
('WC-1978', 'M-1978-01', 'group stage', 'Group 2', 'Estadio Monumental', '1978-06-01', 'T-82', 'T-55', 0, 0, 0, 0, 1),
('WC-1978', 'M-1978-02', 'group stage', 'Group 1', 'Estadio José María Minella', '1978-06-02', 'T-39', 'T-28', 2, 1, 1, 0, 0),
('WC-1978', 'M-1978-03', 'group stage', 'Group 2', 'Estadio Gigante de Arroyito', '1978-06-02', 'T-75', 'T-44', 3, 1, 1, 0, 0),
('WC-1978', 'M-1978-04', 'group stage', 'Group 1', 'Estadio Monumental', '1978-06-02', 'T-03', 'T-34', 2, 1, 1, 0, 0),
('WC-1978', 'M-1978-05', 'group stage', 'Group 3', 'Estadio José Amalfitani', '1978-06-03', 'T-05', 'T-70', 2, 1, 1, 0, 0),
('WC-1978', 'M-1978-06', 'group stage', 'Group 3', 'Estadio José María Minella', '1978-06-03', 'T-09', 'T-71', 1, 1, 0, 0, 1),
('WC-1978', 'M-1978-07', 'group stage', 'Group 4', 'Estadio Ciudad de Mendoza', '1978-06-03', 'T-46', 'T-36', 3, 0, 1, 0, 0),
('WC-1978', 'M-1978-08', 'group stage', 'Group 4', 'Estadio Chateau Carreras', '1978-06-03', 'T-54', 'T-61', 3, 1, 1, 0, 0),
('WC-1978', 'M-1978-09', 'group stage', 'Group 1', 'Estadio José María Minella', '1978-06-06', 'T-39', 'T-34', 3, 1, 1, 0, 0),
('WC-1978', 'M-1978-10', 'group stage', 'Group 2', 'Estadio Gigante de Arroyito', '1978-06-06', 'T-55', 'T-75', 1, 0, 1, 0, 0),
('WC-1978', 'M-1978-11', 'group stage', 'Group 2', 'Estadio Chateau Carreras', '1978-06-06', 'T-82', 'T-44', 6, 0, 1, 0, 0),
('WC-1978', 'M-1978-12', 'group stage', 'Group 1', 'Estadio Monumental', '1978-06-06', 'T-03', 'T-28', 2, 1, 1, 0, 0),
('WC-1978', 'M-1978-13', 'group stage', 'Group 3', 'Estadio José Amalfitani', '1978-06-07', 'T-05', 'T-71', 1, 0, 1, 0, 0),
('WC-1978', 'M-1978-14', 'group stage', 'Group 3', 'Estadio José María Minella', '1978-06-07', 'T-09', 'T-70', 0, 0, 0, 0, 1),
('WC-1978', 'M-1978-15', 'group stage', 'Group 4', 'Estadio Ciudad de Mendoza', '1978-06-07', 'T-46', 'T-54', 0, 0, 0, 0, 1),
('WC-1978', 'M-1978-16', 'group stage', 'Group 4', 'Estadio Chateau Carreras', '1978-06-07', 'T-61', 'T-36', 1, 1, 0, 0, 1),
('WC-1978', 'M-1978-17', 'group stage', 'Group 1', 'Estadio José María Minella', '1978-06-10', 'T-28', 'T-34', 3, 1, 1, 0, 0),
('WC-1978', 'M-1978-18', 'group stage', 'Group 2', 'Estadio Gigante de Arroyito', '1978-06-10', 'T-55', 'T-44', 3, 1, 1, 0, 0),
('WC-1978', 'M-1978-19', 'group stage', 'Group 2', 'Estadio Chateau Carreras', '1978-06-10', 'T-82', 'T-75', 0, 0, 0, 0, 1),
('WC-1978', 'M-1978-20', 'group stage', 'Group 1', 'Estadio Monumental', '1978-06-10', 'T-03', 'T-39', 0, 1, 0, 1, 0),
('WC-1978', 'M-1978-21', 'group stage', 'Group 3', 'Estadio José María Minella', '1978-06-11', 'T-09', 'T-05', 1, 0, 1, 0, 0),
('WC-1978', 'M-1978-22', 'group stage', 'Group 3', 'Estadio José Amalfitani', '1978-06-11', 'T-70', 'T-71', 1, 0, 1, 0, 0),
('WC-1978', 'M-1978-23', 'group stage', 'Group 4', 'Estadio Chateau Carreras', '1978-06-11', 'T-54', 'T-36', 4, 1, 1, 0, 0),
('WC-1978', 'M-1978-24', 'group stage', 'Group 4', 'Estadio Ciudad de Mendoza', '1978-06-11', 'T-61', 'T-46', 3, 2, 1, 0, 0),
('WC-1978', 'M-1978-25', 'second group stage', 'Group A', 'Estadio Chateau Carreras', '1978-06-14', 'T-05', 'T-46', 1, 5, 0, 1, 0),
('WC-1978', 'M-1978-26', 'second group stage', 'Group A', 'Estadio Monumental', '1978-06-14', 'T-39', 'T-82', 0, 0, 0, 0, 1),
('WC-1978', 'M-1978-27', 'second group stage', 'Group B', 'Estadio Ciudad de Mendoza', '1978-06-14', 'T-09', 'T-54', 3, 0, 1, 0, 0),
('WC-1978', 'M-1978-28', 'second group stage', 'Group B', 'Estadio Gigante de Arroyito', '1978-06-14', 'T-03', 'T-55', 2, 0, 1, 0, 0),
('WC-1978', 'M-1978-29', 'second group stage', 'Group B', 'Estadio Ciudad de Mendoza', '1978-06-18', 'T-54', 'T-55', 0, 1, 0, 1, 0),
('WC-1978', 'M-1978-30', 'second group stage', 'Group A', 'Estadio Monumental', '1978-06-18', 'T-39', 'T-05', 1, 0, 1, 0, 0),
('WC-1978', 'M-1978-31', 'second group stage', 'Group A', 'Estadio Chateau Carreras', '1978-06-18', 'T-46', 'T-82', 2, 2, 0, 0, 1),
('WC-1978', 'M-1978-32', 'second group stage', 'Group B', 'Estadio Gigante de Arroyito', '1978-06-18', 'T-03', 'T-09', 0, 0, 0, 0, 1),
('WC-1978', 'M-1978-33', 'second group stage', 'Group A', 'Estadio Chateau Carreras', '1978-06-21', 'T-05', 'T-82', 3, 2, 1, 0, 0),
('WC-1978', 'M-1978-34', 'second group stage', 'Group A', 'Estadio Monumental', '1978-06-21', 'T-39', 'T-46', 1, 2, 0, 1, 0),
('WC-1978', 'M-1978-35', 'second group stage', 'Group B', 'Estadio Ciudad de Mendoza', '1978-06-21', 'T-09', 'T-55', 3, 1, 1, 0, 0),
('WC-1978', 'M-1978-36', 'second group stage', 'Group B', 'Estadio Gigante de Arroyito', '1978-06-21', 'T-03', 'T-54', 6, 0, 1, 0, 0),
('WC-1978', 'M-1978-37', 'third-place match', NULL, 'Estadio Monumental', '1978-06-24', 'T-09', 'T-39', 2, 1, 1, 0, 0),
('WC-1978', 'M-1978-38', 'final', NULL, 'Estadio Monumental', '1978-06-25', 'T-03', 'T-46', 3, 1, 1, 0, 0),
('WC-1982', 'M-1982-01', 'group stage', 'Group 3', 'Camp Nou', '1982-06-13', 'T-03', 'T-06', 0, 1, 0, 1, 0),
('WC-1982', 'M-1982-02', 'group stage', 'Group 1', 'Balaídos', '1982-06-14', 'T-39', 'T-55', 0, 0, 0, 0, 1),
('WC-1982', 'M-1982-03', 'group stage', 'Group 6', 'Estadio Ramón Sánchez Pizjuán', '1982-06-14', 'T-09', 'T-69', 2, 1, 1, 0, 0),
('WC-1982', 'M-1982-04', 'group stage', 'Group 1', 'Estadio Riazor', '1982-06-15', 'T-54', 'T-11', 0, 0, 0, 0, 1),
('WC-1982', 'M-1982-05', 'group stage', 'Group 3', 'Nuevo Estadio', '1982-06-15', 'T-34', 'T-26', 10, 1, 1, 0, 0),
('WC-1982', 'M-1982-06', 'group stage', 'Group 6', 'Estadio La Rosaleda', '1982-06-15', 'T-61', 'T-47', 5, 2, 1, 0, 0),
('WC-1982', 'M-1982-07', 'group stage', 'Group 2', 'Estadio El Molinón', '1982-06-16', 'T-82', 'T-01', 1, 2, 0, 1, 0),
('WC-1982', 'M-1982-08', 'group stage', 'Group 4', 'Estadio San Mamés', '1982-06-16', 'T-27', 'T-28', 3, 1, 1, 0, 0),
('WC-1982', 'M-1982-09', 'group stage', 'Group 5', 'Estadio Luis Casanova', '1982-06-16', 'T-70', 'T-33', 1, 1, 0, 0, 1),
('WC-1982', 'M-1982-10', 'group stage', 'Group 2', 'Estadio Carlos Tartiere', '1982-06-17', 'T-13', 'T-05', 0, 1, 0, 1, 0),
('WC-1982', 'M-1982-11', 'group stage', 'Group 4', 'Estadio José Zorrilla', '1982-06-17', 'T-20', 'T-43', 1, 1, 0, 0, 1),
('WC-1982', 'M-1982-12', 'group stage', 'Group 5', 'Estadio La Romareda', '1982-06-17', 'T-83', 'T-50', 0, 0, 0, 0, 1),
('WC-1982', 'M-1982-13', 'group stage', 'Group 1', 'Balaídos', '1982-06-18', 'T-39', 'T-54', 1, 1, 0, 0, 1),
('WC-1982', 'M-1982-14', 'group stage', 'Group 3', 'Estadio José Rico Pérez', '1982-06-18', 'T-03', 'T-34', 4, 1, 1, 0, 0),
('WC-1982', 'M-1982-15', 'group stage', 'Group 6', 'Estadio Benito Villamarín', '1982-06-18', 'T-09', 'T-61', 4, 1, 1, 0, 0),
('WC-1982', 'M-1982-16', 'group stage', 'Group 1', 'Estadio Riazor', '1982-06-19', 'T-55', 'T-11', 0, 0, 0, 0, 1),
('WC-1982', 'M-1982-17', 'group stage', 'Group 3', 'Nuevo Estadio', '1982-06-19', 'T-06', 'T-26', 1, 0, 1, 0, 0),
('WC-1982', 'M-1982-18', 'group stage', 'Group 6', 'Estadio La Rosaleda', '1982-06-19', 'T-69', 'T-47', 3, 0, 1, 0, 0),
('WC-1982', 'M-1982-19', 'group stage', 'Group 2', 'Estadio El Molinón', '1982-06-20', 'T-82', 'T-13', 4, 1, 1, 0, 0),
('WC-1982', 'M-1982-20', 'group stage', 'Group 4', 'Estadio San Mamés', '1982-06-20', 'T-27', 'T-20', 2, 0, 1, 0, 0),
('WC-1982', 'M-1982-21', 'group stage', 'Group 5', 'Estadio Luis Casanova', '1982-06-20', 'T-70', 'T-83', 2, 1, 1, 0, 0),
('WC-1982', 'M-1982-22', 'group stage', 'Group 2', 'Estadio Carlos Tartiere', '1982-06-21', 'T-01', 'T-05', 0, 2, 0, 1, 0),
('WC-1982', 'M-1982-23', 'group stage', 'Group 4', 'Estadio José Zorrilla', '1982-06-21', 'T-28', 'T-43', 4, 1, 1, 0, 0),
('WC-1982', 'M-1982-24', 'group stage', 'Group 5', 'Estadio La Romareda', '1982-06-21', 'T-33', 'T-50', 1, 1, 0, 0, 1),
('WC-1982', 'M-1982-25', 'group stage', 'Group 1', 'Estadio Riazor', '1982-06-22', 'T-55', 'T-54', 5, 1, 1, 0, 0),
('WC-1982', 'M-1982-26', 'group stage', 'Group 3', 'Nuevo Estadio', '1982-06-22', 'T-06', 'T-34', 1, 1, 0, 0, 1),
('WC-1982', 'M-1982-27', 'group stage', 'Group 6', 'Estadio La Rosaleda', '1982-06-22', 'T-69', 'T-61', 2, 2, 0, 0, 1),
('WC-1982', 'M-1982-28', 'group stage', 'Group 1', 'Balaídos', '1982-06-23', 'T-39', 'T-11', 1, 1, 0, 0, 1),
('WC-1982', 'M-1982-29', 'group stage', 'Group 3', 'Estadio José Rico Pérez', '1982-06-23', 'T-03', 'T-26', 2, 0, 1, 0, 0),
('WC-1982', 'M-1982-30', 'group stage', 'Group 6', 'Estadio Benito Villamarín', '1982-06-23', 'T-09', 'T-47', 4, 0, 1, 0, 0),
('WC-1982', 'M-1982-31', 'group stage', 'Group 2', 'Estadio Carlos Tartiere', '1982-06-24', 'T-01', 'T-13', 3, 2, 1, 0, 0),
('WC-1982', 'M-1982-32', 'group stage', 'Group 4', 'Estadio José Zorrilla', '1982-06-24', 'T-28', 'T-20', 1, 1, 0, 0, 1),
('WC-1982', 'M-1982-33', 'group stage', 'Group 5', 'Estadio La Romareda', '1982-06-24', 'T-33', 'T-83', 0, 1, 0, 1, 0),
('WC-1982', 'M-1982-34', 'group stage', 'Group 2', 'Estadio El Molinón', '1982-06-25', 'T-82', 'T-05', 1, 0, 1, 0, 0),
('WC-1982', 'M-1982-35', 'group stage', 'Group 4', 'Estadio San Mamés', '1982-06-25', 'T-27', 'T-43', 1, 0, 1, 0, 0),
('WC-1982', 'M-1982-36', 'group stage', 'Group 5', 'Estadio Luis Casanova', '1982-06-25', 'T-70', 'T-50', 0, 1, 0, 1, 0),
('WC-1982', 'M-1982-37', 'second group stage', 'Group 4', 'Vicente Calderón', '1982-06-28', 'T-05', 'T-28', 0, 1, 0, 1, 0),
('WC-1982', 'M-1982-38', 'second group stage', 'Group 1', 'Camp Nou', '1982-06-28', 'T-55', 'T-06', 3, 0, 1, 0, 0),
('WC-1982', 'M-1982-39', 'second group stage', 'Group 3', 'Estadi de Sarrià', '1982-06-29', 'T-39', 'T-03', 2, 1, 1, 0, 0),
('WC-1982', 'M-1982-40', 'second group stage', 'Group 2', 'Estadio Santiago Bernabéu', '1982-06-29', 'T-82', 'T-27', 0, 0, 0, 0, 1),
('WC-1982', 'M-1982-41', 'second group stage', 'Group 4', 'Vicente Calderón', '1982-07-01', 'T-05', 'T-50', 2, 2, 0, 0, 1),
('WC-1982', 'M-1982-42', 'second group stage', 'Group 1', 'Camp Nou', '1982-07-01', 'T-06', 'T-69', 0, 1, 0, 1, 0),
('WC-1982', 'M-1982-43', 'second group stage', 'Group 3', 'Estadi de Sarrià', '1982-07-02', 'T-03', 'T-09', 1, 3, 0, 1, 0),
('WC-1982', 'M-1982-44', 'second group stage', 'Group 2', 'Estadio Santiago Bernabéu', '1982-07-02', 'T-82', 'T-70', 2, 1, 1, 0, 0),
('WC-1982', 'M-1982-45', 'second group stage', 'Group 4', 'Vicente Calderón', '1982-07-04', 'T-28', 'T-50', 4, 1, 1, 0, 0),
('WC-1982', 'M-1982-46', 'second group stage', 'Group 1', 'Camp Nou', '1982-07-04', 'T-69', 'T-55', 0, 0, 0, 0, 1),
('WC-1982', 'M-1982-47', 'second group stage', 'Group 3', 'Estadi de Sarrià', '1982-07-05', 'T-39', 'T-09', 3, 2, 1, 0, 0),
('WC-1982', 'M-1982-48', 'second group stage', 'Group 2', 'Estadio Santiago Bernabéu', '1982-07-05', 'T-70', 'T-27', 0, 0, 0, 0, 1),
('WC-1982', 'M-1982-49', 'semi-finals', NULL, 'Camp Nou', '1982-07-08', 'T-55', 'T-39', 0, 2, 0, 1, 0),
('WC-1982', 'M-1982-50', 'semi-finals', NULL, 'Estadio Ramón Sánchez Pizjuán', '1982-07-08', 'T-82', 'T-28', 3, 3, 1, 0, 0),
('WC-1982', 'M-1982-51', 'third-place match', NULL, 'Estadio José Rico Pérez', '1982-07-10', 'T-55', 'T-28', 3, 2, 1, 0, 0),
('WC-1982', 'M-1982-52', 'final', NULL, 'Estadio Santiago Bernabéu', '1982-07-11', 'T-39', 'T-82', 3, 1, 1, 0, 0),
('WC-1986', 'M-1986-01', 'group stage', 'Group A', 'Estadio Azteca', '1986-05-31', 'T-10', 'T-39', 1, 1, 0, 0, 1),
('WC-1986', 'M-1986-02', 'group stage', 'Group D', 'Estadio Jalisco', '1986-06-01', 'T-70', 'T-09', 0, 1, 0, 1, 0),
('WC-1986', 'M-1986-03', 'group stage', 'Group C', 'Estadio Nou Camp', '1986-06-01', 'T-12', 'T-28', 0, 1, 0, 1, 0),
('WC-1986', 'M-1986-04', 'group stage', 'Group A', 'Estadio Olímpico Universitario', '1986-06-02', 'T-03', 'T-68', 3, 1, 1, 0, 0),
('WC-1986', 'M-1986-05', 'group stage', 'Group C', 'Estadio Sergio León Chavez', '1986-06-02', 'T-69', 'T-34', 6, 0, 1, 0, 0),
('WC-1986', 'M-1986-06', 'group stage', 'Group F', 'Estadio Universitario', '1986-06-02', 'T-45', 'T-55', 0, 0, 0, 0, 1),
('WC-1986', 'M-1986-07', 'group stage', 'Group B', 'Estadio Azteca', '1986-06-03', 'T-06', 'T-44', 1, 2, 0, 1, 0),
('WC-1986', 'M-1986-08', 'group stage', 'Group D', 'Estadio Tres de Marzo', '1986-06-03', 'T-01', 'T-50', 1, 1, 0, 0, 1),
('WC-1986', 'M-1986-09', 'group stage', 'Group F', 'Estadio Tecnológico', '1986-06-03', 'T-56', 'T-27', 1, 0, 1, 0, 0),
('WC-1986', 'M-1986-10', 'group stage', 'Group B', 'La Bombonera', '1986-06-04', 'T-53', 'T-37', 1, 0, 1, 0, 0),
('WC-1986', 'M-1986-11', 'group stage', 'Group E', 'Estadio La Corregidora', '1986-06-04', 'T-80', 'T-82', 1, 1, 0, 0, 1),
('WC-1986', 'M-1986-12', 'group stage', 'Group E', 'Estadio Neza 86', '1986-06-04', 'T-61', 'T-21', 0, 1, 0, 1, 0),
('WC-1986', 'M-1986-13', 'group stage', 'Group A', 'Estadio Cuauhtémoc', '1986-06-05', 'T-39', 'T-03', 1, 1, 0, 0, 1),
('WC-1986', 'M-1986-14', 'group stage', 'Group C', 'Estadio Nou Camp', '1986-06-05', 'T-28', 'T-69', 1, 1, 0, 0, 1),
('WC-1986', 'M-1986-15', 'group stage', 'Group A', 'Estadio Olímpico Universitario', '1986-06-05', 'T-68', 'T-10', 1, 1, 0, 0, 1),
('WC-1986', 'M-1986-16', 'group stage', 'Group C', 'Estadio Sergio León Chavez', '1986-06-06', 'T-34', 'T-12', 2, 0, 1, 0, 0),
('WC-1986', 'M-1986-17', 'group stage', 'Group D', 'Estadio Jalisco', '1986-06-06', 'T-09', 'T-01', 1, 0, 1, 0, 0),
('WC-1986', 'M-1986-18', 'group stage', 'Group F', 'Estadio Tecnológico', '1986-06-06', 'T-27', 'T-45', 0, 0, 0, 0, 1),
('WC-1986', 'M-1986-19', 'group stage', 'Group B', 'Estadio Azteca', '1986-06-07', 'T-44', 'T-53', 1, 1, 0, 0, 1),
('WC-1986', 'M-1986-20', 'group stage', 'Group D', 'Estadio Tres de Marzo', '1986-06-07', 'T-50', 'T-70', 1, 2, 0, 1, 0),
('WC-1986', 'M-1986-21', 'group stage', 'Group F', 'Estadio Universitario', '1986-06-07', 'T-55', 'T-56', 1, 0, 1, 0, 0),
('WC-1986', 'M-1986-22', 'group stage', 'Group B', 'La Bombonera', '1986-06-08', 'T-37', 'T-06', 1, 2, 0, 1, 0),
('WC-1986', 'M-1986-23', 'group stage', 'Group E', 'Estadio La Corregidora', '1986-06-08', 'T-82', 'T-61', 2, 1, 1, 0, 0),
('WC-1986', 'M-1986-24', 'group stage', 'Group E', 'Estadio Neza 86', '1986-06-08', 'T-21', 'T-80', 6, 1, 1, 0, 0),
('WC-1986', 'M-1986-25', 'group stage', 'Group C', 'Estadio Nou Camp', '1986-06-09', 'T-34', 'T-28', 0, 3, 0, 1, 0),
('WC-1986', 'M-1986-26', 'group stage', 'Group C', 'Estadio Sergio León Chavez', '1986-06-09', 'T-69', 'T-12', 2, 0, 1, 0, 0),
('WC-1986', 'M-1986-27', 'group stage', 'Group A', 'Estadio Olímpico Universitario', '1986-06-10', 'T-03', 'T-10', 2, 0, 1, 0, 0),
('WC-1986', 'M-1986-28', 'group stage', 'Group A', 'Estadio Cuauhtémoc', '1986-06-10', 'T-68', 'T-39', 2, 3, 0, 1, 0),
('WC-1986', 'M-1986-29', 'group stage', 'Group B', 'Estadio Azteca', '1986-06-11', 'T-37', 'T-44', 0, 1, 0, 1, 0),
('WC-1986', 'M-1986-30', 'group stage', 'Group B', 'La Bombonera', '1986-06-11', 'T-53', 'T-06', 2, 2, 0, 0, 1),
('WC-1986', 'M-1986-31', 'group stage', 'Group F', 'Estadio Universitario', '1986-06-11', 'T-27', 'T-55', 3, 0, 1, 0, 0),
('WC-1986', 'M-1986-32', 'group stage', 'Group F', 'Estadio Tres de Marzo', '1986-06-11', 'T-56', 'T-45', 1, 3, 0, 1, 0),
('WC-1986', 'M-1986-33', 'group stage', 'Group D', 'Estadio Tecnológico', '1986-06-12', 'T-01', 'T-70', 0, 3, 0, 1, 0),
('WC-1986', 'M-1986-34', 'group stage', 'Group D', 'Estadio Jalisco', '1986-06-12', 'T-50', 'T-09', 0, 3, 0, 1, 0),
('WC-1986', 'M-1986-35', 'group stage', 'Group E', 'Estadio La Corregidora', '1986-06-13', 'T-21', 'T-82', 2, 0, 1, 0, 0),
('WC-1986', 'M-1986-36', 'group stage', 'Group E', 'Estadio Neza 86', '1986-06-13', 'T-61', 'T-80', 0, 0, 0, 0, 1),
('WC-1986', 'M-1986-37', 'round of 16', NULL, 'Estadio Azteca', '1986-06-15', 'T-44', 'T-10', 2, 0, 1, 0, 0),
('WC-1986', 'M-1986-38', 'round of 16', NULL, 'Estadio Nou Camp', '1986-06-15', 'T-69', 'T-06', 3, 4, 0, 1, 0),
('WC-1986', 'M-1986-39', 'round of 16', NULL, 'Estadio Jalisco', '1986-06-16', 'T-09', 'T-55', 4, 0, 1, 0, 0),
('WC-1986', 'M-1986-40', 'round of 16', NULL, 'Estadio Cuauhtémoc', '1986-06-16', 'T-03', 'T-80', 1, 0, 1, 0, 0),
('WC-1986', 'M-1986-41', 'round of 16', NULL, 'Estadio Olímpico Universitario', '1986-06-17', 'T-39', 'T-28', 0, 2, 0, 1, 0),
('WC-1986', 'M-1986-42', 'round of 16', NULL, 'Estadio Universitario', '1986-06-17', 'T-45', 'T-82', 0, 1, 0, 1, 0),
('WC-1986', 'M-1986-43', 'round of 16', NULL, 'Estadio Azteca', '1986-06-18', 'T-27', 'T-53', 3, 0, 1, 0, 0),
('WC-1986', 'M-1986-44', 'round of 16', NULL, 'Estadio La Corregidora', '1986-06-18', 'T-21', 'T-70', 1, 5, 0, 1, 0),
('WC-1986', 'M-1986-45', 'quarter-finals', NULL, 'Estadio Jalisco', '1986-06-21', 'T-09', 'T-28', 1, 1, 0, 1, 0),
('WC-1986', 'M-1986-46', 'quarter-finals', NULL, 'Estadio Universitario', '1986-06-21', 'T-82', 'T-44', 0, 0, 1, 0, 0),
('WC-1986', 'M-1986-47', 'quarter-finals', NULL, 'Estadio Azteca', '1986-06-22', 'T-03', 'T-27', 2, 1, 1, 0, 0),
('WC-1986', 'M-1986-48', 'quarter-finals', NULL, 'Estadio Cuauhtémoc', '1986-06-22', 'T-70', 'T-06', 1, 1, 0, 1, 0),
('WC-1986', 'M-1986-49', 'semi-finals', NULL, 'Estadio Jalisco', '1986-06-25', 'T-28', 'T-82', 0, 2, 0, 1, 0),
('WC-1986', 'M-1986-50', 'semi-finals', NULL, 'Estadio Azteca', '1986-06-25', 'T-03', 'T-06', 2, 0, 1, 0, 0),
('WC-1986', 'M-1986-51', 'third-place match', NULL, 'Estadio Cuauhtémoc', '1986-06-28', 'T-06', 'T-28', 2, 4, 0, 1, 0),
('WC-1986', 'M-1986-52', 'final', NULL, 'Estadio Azteca', '1986-06-29', 'T-03', 'T-82', 3, 2, 1, 0, 0),
('WC-1990', 'M-1990-01', 'group stage', 'Group B', 'San Siro', '1990-06-08', 'T-03', 'T-11', 0, 1, 0, 1, 0),
('WC-1990', 'M-1990-02', 'group stage', 'Group B', 'Stadio San Nicola', '1990-06-09', 'T-69', 'T-58', 0, 2, 0, 1, 0),
('WC-1990', 'M-1990-03', 'group stage', 'Group D', 'Stadio Renato Dall''Ara', '1990-06-09', 'T-78', 'T-15', 0, 2, 0, 1, 0),
('WC-1990', 'M-1990-04', 'group stage', 'Group A', 'Stadio Olimpico', '1990-06-09', 'T-39', 'T-05', 1, 0, 1, 0, 0),
('WC-1990', 'M-1990-05', 'group stage', 'Group A', 'Stadio Comunale', '1990-06-10', 'T-79', 'T-20', 1, 5, 0, 1, 0),
('WC-1990', 'M-1990-06', 'group stage', 'Group C', 'Stadio delle Alpi', '1990-06-10', 'T-09', 'T-71', 2, 1, 1, 0, 0),
('WC-1990', 'M-1990-07', 'group stage', 'Group D', 'San Siro', '1990-06-10', 'T-82', 'T-83', 4, 1, 1, 0, 0),
('WC-1990', 'M-1990-08', 'group stage', 'Group C', 'Stadio Luigi Ferraris', '1990-06-11', 'T-16', 'T-61', 1, 0, 1, 0, 0),
('WC-1990', 'M-1990-09', 'group stage', 'Group F', 'Stadio Sant''Elia', '1990-06-11', 'T-27', 'T-57', 1, 1, 0, 0, 1),
('WC-1990', 'M-1990-10', 'group stage', 'Group E', 'Stadio Marc''Antonio Bentegodi', '1990-06-12', 'T-06', 'T-68', 2, 0, 1, 0, 0),
('WC-1990', 'M-1990-11', 'group stage', 'Group F', 'Stadio La Favorita', '1990-06-12', 'T-46', 'T-25', 1, 1, 0, 0, 1),
('WC-1990', 'M-1990-12', 'group stage', 'Group E', 'Stadio Friuli', '1990-06-13', 'T-80', 'T-70', 0, 0, 0, 0, 1),
('WC-1990', 'M-1990-13', 'group stage', 'Group B', 'Stadio San Paolo', '1990-06-13', 'T-03', 'T-69', 2, 0, 1, 0, 0),
('WC-1990', 'M-1990-14', 'group stage', 'Group B', 'Stadio San Nicola', '1990-06-14', 'T-11', 'T-58', 2, 1, 1, 0, 0),
('WC-1990', 'M-1990-15', 'group stage', 'Group D', 'Stadio Renato Dall''Ara', '1990-06-14', 'T-83', 'T-15', 1, 0, 1, 0, 0),
('WC-1990', 'M-1990-16', 'group stage', 'Group A', 'Stadio Olimpico', '1990-06-14', 'T-39', 'T-79', 1, 0, 1, 0, 0),
('WC-1990', 'M-1990-17', 'group stage', 'Group A', 'Stadio Comunale', '1990-06-15', 'T-05', 'T-20', 0, 1, 0, 1, 0),
('WC-1990', 'M-1990-18', 'group stage', 'Group D', 'San Siro', '1990-06-15', 'T-82', 'T-78', 5, 1, 1, 0, 0),
('WC-1990', 'M-1990-19', 'group stage', 'Group C', 'Stadio delle Alpi', '1990-06-16', 'T-09', 'T-16', 1, 0, 1, 0, 0),
('WC-1990', 'M-1990-20', 'group stage', 'Group C', 'Stadio Luigi Ferraris', '1990-06-16', 'T-71', 'T-61', 1, 2, 0, 1, 0),
('WC-1990', 'M-1990-21', 'group stage', 'Group F', 'Stadio Sant''Elia', '1990-06-16', 'T-27', 'T-46', 0, 0, 0, 0, 1),
('WC-1990', 'M-1990-22', 'group stage', 'Group F', 'Stadio La Favorita', '1990-06-17', 'T-57', 'T-25', 0, 0, 0, 0, 1),
('WC-1990', 'M-1990-23', 'group stage', 'Group E', 'Stadio Marc''Antonio Bentegodi', '1990-06-17', 'T-06', 'T-80', 3, 1, 1, 0, 0),
('WC-1990', 'M-1990-24', 'group stage', 'Group E', 'Stadio Friuli', '1990-06-17', 'T-68', 'T-70', 1, 3, 0, 1, 0),
('WC-1990', 'M-1990-25', 'group stage', 'Group B', 'Stadio San Paolo', '1990-06-18', 'T-03', 'T-58', 1, 1, 0, 0, 1),
('WC-1990', 'M-1990-26', 'group stage', 'Group B', 'Stadio San Nicola', '1990-06-18', 'T-11', 'T-69', 0, 4, 0, 1, 0),
('WC-1990', 'M-1990-27', 'group stage', 'Group D', 'San Siro', '1990-06-19', 'T-82', 'T-15', 1, 1, 0, 0, 1),
('WC-1990', 'M-1990-28', 'group stage', 'Group D', 'Stadio Renato Dall''Ara', '1990-06-19', 'T-83', 'T-78', 4, 1, 1, 0, 0),
('WC-1990', 'M-1990-29', 'group stage', 'Group A', 'Stadio Comunale', '1990-06-19', 'T-05', 'T-79', 2, 1, 1, 0, 0),
('WC-1990', 'M-1990-30', 'group stage', 'Group A', 'Stadio Olimpico', '1990-06-19', 'T-39', 'T-20', 2, 0, 1, 0, 0),
('WC-1990', 'M-1990-31', 'group stage', 'Group C', 'Stadio delle Alpi', '1990-06-20', 'T-09', 'T-61', 1, 0, 1, 0, 0),
('WC-1990', 'M-1990-32', 'group stage', 'Group C', 'Stadio Luigi Ferraris', '1990-06-20', 'T-71', 'T-16', 1, 2, 0, 1, 0),
('WC-1990', 'M-1990-33', 'group stage', 'Group E', 'Stadio Marc''Antonio Bentegodi', '1990-06-21', 'T-06', 'T-70', 1, 2, 0, 1, 0),
('WC-1990', 'M-1990-34', 'group stage', 'Group E', 'Stadio Friuli', '1990-06-21', 'T-68', 'T-80', 0, 1, 0, 1, 0),
('WC-1990', 'M-1990-35', 'group stage', 'Group F', 'Stadio Sant''Elia', '1990-06-21', 'T-27', 'T-25', 1, 0, 1, 0, 0),
('WC-1990', 'M-1990-36', 'group stage', 'Group F', 'Stadio La Favorita', '1990-06-21', 'T-57', 'T-46', 1, 1, 0, 0, 1),
('WC-1990', 'M-1990-37', 'round of 16', NULL, 'Stadio San Paolo', '1990-06-23', 'T-11', 'T-15', 2, 1, 1, 0, 0),
('WC-1990', 'M-1990-38', 'round of 16', NULL, 'Stadio San Nicola', '1990-06-23', 'T-20', 'T-16', 4, 1, 1, 0, 0),
('WC-1990', 'M-1990-39', 'round of 16', NULL, 'Stadio delle Alpi', '1990-06-24', 'T-09', 'T-03', 0, 1, 0, 1, 0),
('WC-1990', 'M-1990-40', 'round of 16', NULL, 'San Siro', '1990-06-24', 'T-82', 'T-46', 2, 1, 1, 0, 0),
('WC-1990', 'M-1990-41', 'round of 16', NULL, 'Stadio Luigi Ferraris', '1990-06-25', 'T-57', 'T-58', 0, 0, 1, 0, 0),
('WC-1990', 'M-1990-42', 'round of 16', NULL, 'Stadio Olimpico', '1990-06-25', 'T-39', 'T-80', 2, 0, 1, 0, 0),
('WC-1990', 'M-1990-43', 'round of 16', NULL, 'Stadio Marc''Antonio Bentegodi', '1990-06-26', 'T-70', 'T-83', 1, 2, 0, 1, 0),
('WC-1990', 'M-1990-44', 'round of 16', NULL, 'Stadio Renato Dall''Ara', '1990-06-26', 'T-27', 'T-06', 1, 0, 1, 0, 0),
('WC-1990', 'M-1990-45', 'quarter-finals', NULL, 'Stadio Comunale', '1990-06-30', 'T-03', 'T-83', 0, 0, 1, 0, 0),
('WC-1990', 'M-1990-46', 'quarter-finals', NULL, 'Stadio Olimpico', '1990-06-30', 'T-57', 'T-39', 0, 1, 0, 1, 0),
('WC-1990', 'M-1990-47', 'quarter-finals', NULL, 'San Siro', '1990-07-01', 'T-20', 'T-82', 0, 1, 0, 1, 0),
('WC-1990', 'M-1990-48', 'quarter-finals', NULL, 'Stadio San Paolo', '1990-07-01', 'T-11', 'T-27', 2, 3, 0, 1, 0),
('WC-1990', 'M-1990-49', 'semi-finals', NULL, 'Stadio San Paolo', '1990-07-03', 'T-03', 'T-39', 1, 1, 1, 0, 0),
('WC-1990', 'M-1990-50', 'semi-finals', NULL, 'Stadio delle Alpi', '1990-07-04', 'T-82', 'T-27', 1, 1, 1, 0, 0),
('WC-1990', 'M-1990-51', 'third-place match', NULL, 'Stadio San Nicola', '1990-07-07', 'T-39', 'T-27', 2, 1, 1, 0, 0),
('WC-1990', 'M-1990-52', 'final', NULL, 'Stadio Olimpico', '1990-07-08', 'T-82', 'T-03', 1, 0, 1, 0, 0),
('WC-1994', 'M-1994-01', 'group stage', 'Group C', 'Soldier Field', '1994-06-17', 'T-29', 'T-07', 1, 0, 1, 0, 0),
('WC-1994', 'M-1994-02', 'group stage', 'Group C', 'Cotton Bowl', '1994-06-17', 'T-70', 'T-68', 2, 2, 0, 0, 1),
('WC-1994', 'M-1994-03', 'group stage', 'Group A', 'Pontiac Silverdome', '1994-06-18', 'T-79', 'T-72', 1, 1, 0, 0, 1),
('WC-1994', 'M-1994-04', 'group stage', 'Group E', 'Giants Stadium', '1994-06-18', 'T-39', 'T-57', 0, 1, 0, 1, 0),
('WC-1994', 'M-1994-05', 'group stage', 'Group A', 'Rose Bowl', '1994-06-18', 'T-15', 'T-58', 1, 3, 0, 1, 0),
('WC-1994', 'M-1994-06', 'group stage', 'Group F', 'Citrus Bowl', '1994-06-19', 'T-06', 'T-45', 1, 0, 1, 0, 0),
('WC-1994', 'M-1994-07', 'group stage', 'Group E', 'RFK Stadium', '1994-06-19', 'T-51', 'T-44', 1, 0, 1, 0, 0),
('WC-1994', 'M-1994-08', 'group stage', 'Group B', 'Rose Bowl', '1994-06-19', 'T-11', 'T-71', 2, 2, 0, 0, 1),
('WC-1994', 'M-1994-09', 'group stage', 'Group B', 'Stanford Stadium', '1994-06-20', 'T-09', 'T-59', 2, 0, 1, 0, 0),
('WC-1994', 'M-1994-10', 'group stage', 'Group F', 'RFK Stadium', '1994-06-20', 'T-46', 'T-60', 2, 1, 1, 0, 0),
('WC-1994', 'M-1994-11', 'group stage', 'Group D', 'Foxboro Stadium', '1994-06-21', 'T-03', 'T-31', 4, 0, 1, 0, 0),
('WC-1994', 'M-1994-12', 'group stage', 'Group C', 'Soldier Field', '1994-06-21', 'T-29', 'T-70', 1, 1, 0, 0, 1),
('WC-1994', 'M-1994-13', 'group stage', 'Group D', 'Cotton Bowl', '1994-06-21', 'T-48', 'T-10', 3, 0, 1, 0, 0),
('WC-1994', 'M-1994-14', 'group stage', 'Group A', 'Pontiac Silverdome', '1994-06-22', 'T-58', 'T-72', 1, 4, 0, 1, 0),
('WC-1994', 'M-1994-15', 'group stage', 'Group A', 'Rose Bowl', '1994-06-22', 'T-79', 'T-15', 2, 1, 1, 0, 0),
('WC-1994', 'M-1994-16', 'group stage', 'Group E', 'Giants Stadium', '1994-06-23', 'T-39', 'T-51', 1, 0, 1, 0, 0),
('WC-1994', 'M-1994-17', 'group stage', 'Group C', 'Foxboro Stadium', '1994-06-23', 'T-68', 'T-07', 0, 0, 0, 0, 1),
('WC-1994', 'M-1994-18', 'group stage', 'Group E', 'Citrus Bowl', '1994-06-24', 'T-44', 'T-57', 2, 1, 1, 0, 0),
('WC-1994', 'M-1994-19', 'group stage', 'Group B', 'Stanford Stadium', '1994-06-24', 'T-09', 'T-11', 3, 0, 1, 0, 0),
('WC-1994', 'M-1994-20', 'group stage', 'Group B', 'Pontiac Silverdome', '1994-06-24', 'T-71', 'T-59', 3, 1, 1, 0, 0),
('WC-1994', 'M-1994-21', 'group stage', 'Group F', 'Citrus Bowl', '1994-06-25', 'T-06', 'T-46', 1, 0, 1, 0, 0),
('WC-1994', 'M-1994-22', 'group stage', 'Group F', 'Giants Stadium', '1994-06-25', 'T-60', 'T-45', 2, 1, 1, 0, 0),
('WC-1994', 'M-1994-23', 'group stage', 'Group D', 'Foxboro Stadium', '1994-06-25', 'T-03', 'T-48', 2, 1, 1, 0, 0),
('WC-1994', 'M-1994-24', 'group stage', 'Group D', 'Soldier Field', '1994-06-26', 'T-10', 'T-31', 4, 0, 1, 0, 0),
('WC-1994', 'M-1994-25', 'group stage', 'Group A', 'Stanford Stadium', '1994-06-26', 'T-72', 'T-15', 0, 2, 0, 1, 0),
('WC-1994', 'M-1994-26', 'group stage', 'Group A', 'Rose Bowl', '1994-06-26', 'T-79', 'T-58', 0, 1, 0, 1, 0),
('WC-1994', 'M-1994-27', 'group stage', 'Group C', 'Soldier Field', '1994-06-27', 'T-07', 'T-70', 1, 3, 0, 1, 0),
('WC-1994', 'M-1994-28', 'group stage', 'Group C', 'Cotton Bowl', '1994-06-27', 'T-29', 'T-68', 3, 2, 1, 0, 0),
('WC-1994', 'M-1994-29', 'group stage', 'Group E', 'RFK Stadium', '1994-06-28', 'T-39', 'T-44', 1, 1, 0, 0, 1),
('WC-1994', 'M-1994-30', 'group stage', 'Group E', 'Giants Stadium', '1994-06-28', 'T-57', 'T-51', 0, 0, 0, 0, 1),
('WC-1994', 'M-1994-31', 'group stage', 'Group B', 'Stanford Stadium', '1994-06-28', 'T-59', 'T-11', 6, 1, 1, 0, 0),
('WC-1994', 'M-1994-32', 'group stage', 'Group B', 'Pontiac Silverdome', '1994-06-28', 'T-09', 'T-71', 1, 1, 0, 0, 1),
('WC-1994', 'M-1994-33', 'group stage', 'Group F', 'RFK Stadium', '1994-06-29', 'T-06', 'T-60', 0, 1, 0, 1, 0),
('WC-1994', 'M-1994-34', 'group stage', 'Group F', 'Citrus Bowl', '1994-06-29', 'T-45', 'T-46', 1, 2, 0, 1, 0),
('WC-1994', 'M-1994-35', 'group stage', 'Group D', 'Cotton Bowl', '1994-06-30', 'T-03', 'T-10', 0, 2, 0, 1, 0),
('WC-1994', 'M-1994-36', 'group stage', 'Group D', 'Foxboro Stadium', '1994-06-30', 'T-31', 'T-48', 0, 2, 0, 1, 0),
('WC-1994', 'M-1994-37', 'round of 16', NULL, 'Soldier Field', '1994-07-02', 'T-29', 'T-06', 3, 2, 1, 0, 0),
('WC-1994', 'M-1994-38', 'round of 16', NULL, 'RFK Stadium', '1994-07-02', 'T-70', 'T-72', 3, 0, 1, 0, 0),
('WC-1994', 'M-1994-39', 'round of 16', NULL, 'Cotton Bowl', '1994-07-03', 'T-60', 'T-71', 1, 3, 0, 1, 0),
('WC-1994', 'M-1994-40', 'round of 16', NULL, 'Rose Bowl', '1994-07-03', 'T-58', 'T-03', 3, 2, 1, 0, 0),
('WC-1994', 'M-1994-41', 'round of 16', NULL, 'Citrus Bowl', '1994-07-04', 'T-46', 'T-57', 2, 0, 1, 0, 0),
('WC-1994', 'M-1994-42', 'round of 16', NULL, 'Stanford Stadium', '1994-07-04', 'T-09', 'T-79', 1, 0, 1, 0, 0),
('WC-1994', 'M-1994-43', 'round of 16', NULL, 'Foxboro Stadium', '1994-07-05', 'T-48', 'T-39', 1, 2, 0, 1, 0),
('WC-1994', 'M-1994-44', 'round of 16', NULL, 'Giants Stadium', '1994-07-05', 'T-44', 'T-10', 1, 1, 0, 1, 0),
('WC-1994', 'M-1994-45', 'quarter-finals', NULL, 'Foxboro Stadium', '1994-07-09', 'T-39', 'T-70', 2, 1, 1, 0, 0),
('WC-1994', 'M-1994-46', 'quarter-finals', NULL, 'Cotton Bowl', '1994-07-09', 'T-46', 'T-09', 2, 3, 0, 1, 0),
('WC-1994', 'M-1994-47', 'quarter-finals', NULL, 'Giants Stadium', '1994-07-10', 'T-10', 'T-29', 2, 1, 1, 0, 0),
('WC-1994', 'M-1994-48', 'quarter-finals', NULL, 'Stanford Stadium', '1994-07-10', 'T-58', 'T-71', 2, 2, 0, 1, 0),
('WC-1994', 'M-1994-49', 'semi-finals', NULL, 'Giants Stadium', '1994-07-13', 'T-10', 'T-39', 1, 2, 0, 1, 0),
('WC-1994', 'M-1994-50', 'semi-finals', NULL, 'Rose Bowl', '1994-07-13', 'T-71', 'T-09', 0, 1, 0, 1, 0),
('WC-1994', 'M-1994-51', 'third-place match', NULL, 'Rose Bowl', '1994-07-16', 'T-71', 'T-10', 4, 0, 1, 0, 0),
('WC-1994', 'M-1994-52', 'final', NULL, 'Rose Bowl', '1994-07-17', 'T-09', 'T-39', 0, 0, 1, 0, 0),
('WC-1998', 'M-1998-01', 'group stage', 'Group A', 'Stade de France', '1998-06-10', 'T-09', 'T-61', 2, 1, 1, 0, 0),
('WC-1998', 'M-1998-02', 'group stage', 'Group A', 'Stade de la Mosson', '1998-06-10', 'T-45', 'T-51', 2, 2, 0, 0, 1),
('WC-1998', 'M-1998-03', 'group stage', 'Group B', 'Stade du Parc Lescure', '1998-06-11', 'T-39', 'T-13', 2, 2, 0, 0, 1),
('WC-1998', 'M-1998-04', 'group stage', 'Group B', 'Stade de Toulouse', '1998-06-11', 'T-11', 'T-05', 1, 1, 0, 0, 1),
('WC-1998', 'M-1998-05', 'group stage', 'Group D', 'Stade de la Mosson', '1998-06-12', 'T-53', 'T-10', 0, 0, 0, 0, 1),
('WC-1998', 'M-1998-06', 'group stage', 'Group C', 'Stade Félix-Bollaert', '1998-06-12', 'T-60', 'T-21', 0, 1, 0, 1, 0),
('WC-1998', 'M-1998-07', 'group stage', 'Group C', 'Stade Vélodrome', '1998-06-12', 'T-28', 'T-67', 3, 0, 1, 0, 0),
('WC-1998', 'M-1998-08', 'group stage', 'Group D', 'Stade de la Beaujoire', '1998-06-13', 'T-70', 'T-48', 2, 3, 0, 1, 0),
('WC-1998', 'M-1998-09', 'group stage', 'Group E', 'Stade de Gerland', '1998-06-13', 'T-68', 'T-44', 1, 3, 0, 1, 0),
('WC-1998', 'M-1998-10', 'group stage', 'Group E', 'Stade de France', '1998-06-13', 'T-46', 'T-06', 0, 0, 0, 0, 1),
('WC-1998', 'M-1998-11', 'group stage', 'Group H', 'Stade de Toulouse', '1998-06-14', 'T-03', 'T-42', 1, 0, 1, 0, 0),
('WC-1998', 'M-1998-12', 'group stage', 'Group F', 'Stade Geoffroy-Guichard', '1998-06-14', 'T-83', 'T-36', 1, 0, 1, 0, 0),
('WC-1998', 'M-1998-13', 'group stage', 'Group H', 'Stade Félix-Bollaert', '1998-06-14', 'T-41', 'T-17', 1, 3, 0, 1, 0),
('WC-1998', 'M-1998-14', 'group stage', 'Group G', 'Stade Vélodrome', '1998-06-15', 'T-27', 'T-75', 2, 0, 1, 0, 0),
('WC-1998', 'M-1998-15', 'group stage', 'Group G', 'Stade de Gerland', '1998-06-15', 'T-58', 'T-15', 1, 0, 1, 0, 0),
('WC-1998', 'M-1998-16', 'group stage', 'Group F', 'Parc des Princes', '1998-06-15', 'T-29', 'T-79', 2, 0, 1, 0, 0),
('WC-1998', 'M-1998-17', 'group stage', 'Group A', 'Stade du Parc Lescure', '1998-06-16', 'T-61', 'T-51', 1, 1, 0, 0, 1),
('WC-1998', 'M-1998-18', 'group stage', 'Group A', 'Stade de la Beaujoire', '1998-06-16', 'T-09', 'T-45', 3, 0, 1, 0, 0),
('WC-1998', 'M-1998-19', 'group stage', 'Group B', 'Stade Geoffroy-Guichard', '1998-06-17', 'T-13', 'T-05', 1, 1, 0, 0, 1),
('WC-1998', 'M-1998-20', 'group stage', 'Group B', 'Stade de la Mosson', '1998-06-17', 'T-39', 'T-11', 3, 0, 1, 0, 0),
('WC-1998', 'M-1998-21', 'group stage', 'Group C', 'Stade de Toulouse', '1998-06-18', 'T-67', 'T-21', 1, 1, 0, 0, 1),
('WC-1998', 'M-1998-22', 'group stage', 'Group C', 'Stade de France', '1998-06-18', 'T-28', 'T-60', 4, 0, 1, 0, 0),
('WC-1998', 'M-1998-23', 'group stage', 'Group D', 'Parc des Princes', '1998-06-19', 'T-48', 'T-10', 1, 0, 1, 0, 0),
('WC-1998', 'M-1998-24', 'group stage', 'Group D', 'Stade Geoffroy-Guichard', '1998-06-19', 'T-70', 'T-53', 0, 0, 0, 0, 1),
('WC-1998', 'M-1998-25', 'group stage', 'Group H', 'Stade de la Beaujoire', '1998-06-20', 'T-42', 'T-17', 0, 1, 0, 1, 0),
('WC-1998', 'M-1998-26', 'group stage', 'Group E', 'Stade du Parc Lescure', '1998-06-20', 'T-06', 'T-44', 2, 2, 0, 0, 1),
('WC-1998', 'M-1998-27', 'group stage', 'Group E', 'Stade Vélodrome', '1998-06-20', 'T-46', 'T-68', 5, 0, 1, 0, 0),
('WC-1998', 'M-1998-28', 'group stage', 'Group F', 'Stade Félix-Bollaert', '1998-06-21', 'T-29', 'T-83', 2, 2, 0, 0, 1),
('WC-1998', 'M-1998-29', 'group stage', 'Group H', 'Parc des Princes', '1998-06-21', 'T-03', 'T-41', 5, 0, 1, 0, 0),
('WC-1998', 'M-1998-30', 'group stage', 'Group F', 'Stade de Gerland', '1998-06-21', 'T-79', 'T-36', 1, 2, 0, 1, 0),
('WC-1998', 'M-1998-31', 'group stage', 'Group G', 'Stade de la Mosson', '1998-06-22', 'T-15', 'T-75', 1, 0, 1, 0, 0),
('WC-1998', 'M-1998-32', 'group stage', 'Group G', 'Stade de Toulouse', '1998-06-22', 'T-58', 'T-27', 2, 1, 1, 0, 0),
('WC-1998', 'M-1998-33', 'group stage', 'Group B', 'Stade de la Beaujoire', '1998-06-23', 'T-13', 'T-11', 1, 1, 0, 0, 1),
('WC-1998', 'M-1998-34', 'group stage', 'Group B', 'Stade de France', '1998-06-23', 'T-39', 'T-05', 2, 1, 1, 0, 0),
('WC-1998', 'M-1998-35', 'group stage', 'Group A', 'Stade Vélodrome', '1998-06-23', 'T-09', 'T-51', 1, 2, 0, 1, 0),
('WC-1998', 'M-1998-36', 'group stage', 'Group A', 'Stade Geoffroy-Guichard', '1998-06-23', 'T-61', 'T-45', 0, 3, 0, 1, 0),
('WC-1998', 'M-1998-37', 'group stage', 'Group C', 'Stade de Gerland', '1998-06-24', 'T-28', 'T-21', 2, 1, 1, 0, 0),
('WC-1998', 'M-1998-38', 'group stage', 'Group C', 'Stade du Parc Lescure', '1998-06-24', 'T-67', 'T-60', 2, 2, 0, 0, 1),
('WC-1998', 'M-1998-39', 'group stage', 'Group D', 'Stade de Toulouse', '1998-06-24', 'T-48', 'T-53', 1, 3, 0, 1, 0),
('WC-1998', 'M-1998-40', 'group stage', 'Group D', 'Stade Félix-Bollaert', '1998-06-24', 'T-70', 'T-10', 6, 1, 1, 0, 0),
('WC-1998', 'M-1998-41', 'group stage', 'Group E', 'Parc des Princes', '1998-06-25', 'T-06', 'T-68', 1, 1, 0, 0, 1),
('WC-1998', 'M-1998-42', 'group stage', 'Group E', 'Stade Geoffroy-Guichard', '1998-06-25', 'T-46', 'T-44', 2, 2, 0, 0, 1),
('WC-1998', 'M-1998-43', 'group stage', 'Group F', 'Stade de la Mosson', '1998-06-25', 'T-29', 'T-36', 2, 0, 1, 0, 0),
('WC-1998', 'M-1998-44', 'group stage', 'Group F', 'Stade de la Beaujoire', '1998-06-25', 'T-79', 'T-83', 0, 1, 0, 1, 0),
('WC-1998', 'M-1998-45', 'group stage', 'Group H', 'Stade du Parc Lescure', '1998-06-26', 'T-03', 'T-17', 1, 0, 1, 0, 0),
('WC-1998', 'M-1998-46', 'group stage', 'Group H', 'Stade de Gerland', '1998-06-26', 'T-42', 'T-41', 1, 2, 0, 1, 0),
('WC-1998', 'M-1998-47', 'group stage', 'Group G', 'Stade Félix-Bollaert', '1998-06-26', 'T-15', 'T-27', 0, 2, 0, 1, 0),
('WC-1998', 'M-1998-48', 'group stage', 'Group G', 'Stade de France', '1998-06-26', 'T-58', 'T-75', 1, 1, 0, 0, 1),
('WC-1998', 'M-1998-49', 'round of 16', NULL, 'Stade Vélodrome', '1998-06-27', 'T-39', 'T-51', 1, 0, 1, 0, 0),
('WC-1998', 'M-1998-50', 'round of 16', NULL, 'Parc des Princes', '1998-06-27', 'T-09', 'T-13', 4, 1, 1, 0, 0),
('WC-1998', 'M-1998-51', 'round of 16', NULL, 'Stade Félix-Bollaert', '1998-06-28', 'T-28', 'T-53', 1, 0, 1, 0, 0),
('WC-1998', 'M-1998-52', 'round of 16', NULL, 'Stade de France', '1998-06-28', 'T-48', 'T-21', 1, 4, 0, 1, 0),
('WC-1998', 'M-1998-53', 'round of 16', NULL, 'Stade de la Mosson', '1998-06-29', 'T-29', 'T-44', 2, 1, 1, 0, 0),
('WC-1998', 'M-1998-54', 'round of 16', NULL, 'Stade de Toulouse', '1998-06-29', 'T-46', 'T-83', 2, 1, 1, 0, 0),
('WC-1998', 'M-1998-55', 'round of 16', NULL, 'Stade du Parc Lescure', '1998-06-30', 'T-58', 'T-17', 0, 1, 0, 1, 0),
('WC-1998', 'M-1998-56', 'round of 16', NULL, 'Stade Geoffroy-Guichard', '1998-06-30', 'T-03', 'T-27', 2, 2, 1, 0, 0),
('WC-1998', 'M-1998-57', 'quarter-finals', NULL, 'Stade de France', '1998-07-03', 'T-39', 'T-28', 0, 0, 0, 1, 0),
('WC-1998', 'M-1998-58', 'quarter-finals', NULL, 'Stade de la Beaujoire', '1998-07-03', 'T-09', 'T-21', 3, 2, 1, 0, 0),
('WC-1998', 'M-1998-59', 'quarter-finals', NULL, 'Stade Vélodrome', '1998-07-04', 'T-46', 'T-03', 2, 1, 1, 0, 0),
('WC-1998', 'M-1998-60', 'quarter-finals', NULL, 'Stade de Gerland', '1998-07-04', 'T-29', 'T-17', 0, 3, 0, 1, 0),
('WC-1998', 'M-1998-61', 'semi-finals', NULL, 'Stade Vélodrome', '1998-07-07', 'T-09', 'T-46', 1, 1, 1, 0, 0),
('WC-1998', 'M-1998-62', 'semi-finals', NULL, 'Stade de France', '1998-07-08', 'T-28', 'T-17', 2, 1, 1, 0, 0),
('WC-1998', 'M-1998-63', 'third-place match', NULL, 'Parc des Princes', '1998-07-11', 'T-46', 'T-17', 1, 2, 0, 1, 0),
('WC-1998', 'M-1998-64', 'final', NULL, 'Stade de France', '1998-07-12', 'T-09', 'T-28', 0, 3, 0, 1, 0),
('WC-2002', 'M-2002-01', 'group stage', 'Group A', 'Seoul World Cup Stadium', '2002-05-31', 'T-28', 'T-62', 0, 1, 0, 1, 0),
('WC-2002', 'M-2002-02', 'group stage', 'Group E', 'Niigata Stadium', '2002-06-01', 'T-57', 'T-11', 1, 1, 0, 0, 1),
('WC-2002', 'M-2002-03', 'group stage', 'Group A', 'Ulsan Munsu Football Stadium', '2002-06-01', 'T-80', 'T-21', 1, 2, 0, 1, 0),
('WC-2002', 'M-2002-04', 'group stage', 'Group E', 'Sapporo Dome', '2002-06-01', 'T-29', 'T-60', 8, 0, 1, 0, 0),
('WC-2002', 'M-2002-05', 'group stage', 'Group F', 'Kashima Stadium', '2002-06-02', 'T-03', 'T-48', 1, 0, 1, 0, 0),
('WC-2002', 'M-2002-06', 'group stage', 'Group B', 'Busan Asiad Stadium', '2002-06-02', 'T-53', 'T-67', 2, 2, 0, 0, 1),
('WC-2002', 'M-2002-07', 'group stage', 'Group F', 'Saitama Stadium', '2002-06-02', 'T-27', 'T-71', 1, 1, 0, 0, 1),
('WC-2002', 'M-2002-08', 'group stage', 'Group B', 'Gwangju World Cup Stadium', '2002-06-02', 'T-70', 'T-66', 3, 1, 1, 0, 0),
('WC-2002', 'M-2002-09', 'group stage', 'Group G', 'Niigata Stadium', '2002-06-03', 'T-17', 'T-44', 0, 1, 0, 1, 0),
('WC-2002', 'M-2002-10', 'group stage', 'Group C', 'Ulsan Munsu Football Stadium', '2002-06-03', 'T-09', 'T-76', 2, 1, 1, 0, 0),
('WC-2002', 'M-2002-11', 'group stage', 'Group G', 'Sapporo Dome', '2002-06-03', 'T-39', 'T-24', 2, 0, 1, 0, 0),
('WC-2002', 'M-2002-12', 'group stage', 'Group C', 'Gwangju World Cup Stadium', '2002-06-04', 'T-14', 'T-16', 0, 2, 0, 1, 0),
('WC-2002', 'M-2002-13', 'group stage', 'Group H', 'Saitama Stadium', '2002-06-04', 'T-42', 'T-06', 2, 2, 0, 0, 1),
('WC-2002', 'M-2002-14', 'group stage', 'Group D', 'Busan Asiad Stadium', '2002-06-04', 'T-68', 'T-55', 2, 0, 1, 0, 0),
('WC-2002', 'M-2002-15', 'group stage', 'Group H', 'Kobe Wing Stadium', '2002-06-05', 'T-59', 'T-75', 2, 0, 1, 0, 0),
('WC-2002', 'M-2002-16', 'group stage', 'Group D', 'Suwon World Cup Stadium', '2002-06-05', 'T-79', 'T-56', 3, 2, 1, 0, 0),
('WC-2002', 'M-2002-17', 'group stage', 'Group E', 'Kashima Stadium', '2002-06-05', 'T-29', 'T-57', 1, 1, 0, 0, 1),
('WC-2002', 'M-2002-18', 'group stage', 'Group A', 'Daegu World Cup Stadium', '2002-06-06', 'T-21', 'T-62', 1, 1, 0, 0, 1),
('WC-2002', 'M-2002-19', 'group stage', 'Group E', 'Saitama Stadium', '2002-06-06', 'T-11', 'T-60', 1, 0, 1, 0, 0),
('WC-2002', 'M-2002-20', 'group stage', 'Group A', 'Busan Asiad Stadium', '2002-06-06', 'T-28', 'T-80', 0, 0, 0, 0, 1),
('WC-2002', 'M-2002-21', 'group stage', 'Group F', 'Kobe Wing Stadium', '2002-06-07', 'T-71', 'T-48', 2, 1, 1, 0, 0),
('WC-2002', 'M-2002-22', 'group stage', 'Group B', 'Jeonju World Cup Stadium', '2002-06-07', 'T-70', 'T-53', 3, 1, 1, 0, 0),
('WC-2002', 'M-2002-23', 'group stage', 'Group F', 'Sapporo Dome', '2002-06-07', 'T-03', 'T-27', 0, 1, 0, 1, 0),
('WC-2002', 'M-2002-24', 'group stage', 'Group B', 'Daegu World Cup Stadium', '2002-06-08', 'T-67', 'T-66', 1, 0, 1, 0, 0),
('WC-2002', 'M-2002-25', 'group stage', 'Group G', 'Kashima Stadium', '2002-06-08', 'T-39', 'T-17', 1, 2, 0, 1, 0),
('WC-2002', 'M-2002-26', 'group stage', 'Group C', 'Jeju World Cup Stadium', '2002-06-08', 'T-09', 'T-14', 4, 0, 1, 0, 0),
('WC-2002', 'M-2002-27', 'group stage', 'Group G', 'Miyagi Stadium', '2002-06-09', 'T-44', 'T-24', 2, 1, 1, 0, 0),
('WC-2002', 'M-2002-28', 'group stage', 'Group C', 'Incheon Munhak Stadium', '2002-06-09', 'T-16', 'T-76', 1, 1, 0, 0, 1),
('WC-2002', 'M-2002-29', 'group stage', 'Group H', 'International Stadium Yokohama', '2002-06-09', 'T-42', 'T-59', 1, 0, 1, 0, 0),
('WC-2002', 'M-2002-30', 'group stage', 'Group D', 'Daegu World Cup Stadium', '2002-06-10', 'T-68', 'T-79', 1, 1, 0, 0, 1),
('WC-2002', 'M-2002-31', 'group stage', 'Group H', 'Ōita Stadium', '2002-06-10', 'T-75', 'T-06', 1, 1, 0, 0, 1),
('WC-2002', 'M-2002-32', 'group stage', 'Group D', 'Jeonju World Cup Stadium', '2002-06-10', 'T-56', 'T-55', 4, 0, 1, 0, 0),
('WC-2002', 'M-2002-33', 'group stage', 'Group A', 'Incheon Munhak Stadium', '2002-06-11', 'T-21', 'T-28', 2, 0, 1, 0, 0),
('WC-2002', 'M-2002-34', 'group stage', 'Group A', 'Suwon World Cup Stadium', '2002-06-11', 'T-62', 'T-80', 3, 3, 0, 0, 1),
('WC-2002', 'M-2002-35', 'group stage', 'Group E', 'Shizuoka Stadium ECOPA', '2002-06-11', 'T-11', 'T-29', 0, 2, 0, 1, 0),
('WC-2002', 'M-2002-36', 'group stage', 'Group E', 'International Stadium Yokohama', '2002-06-11', 'T-60', 'T-57', 0, 3, 0, 1, 0),
('WC-2002', 'M-2002-37', 'group stage', 'Group F', 'Nagai Stadium', '2002-06-12', 'T-48', 'T-27', 0, 0, 0, 0, 1),
('WC-2002', 'M-2002-38', 'group stage', 'Group F', 'Miyagi Stadium', '2002-06-12', 'T-71', 'T-03', 1, 1, 0, 0, 1),
('WC-2002', 'M-2002-39', 'group stage', 'Group B', 'Jeju World Cup Stadium', '2002-06-12', 'T-66', 'T-53', 1, 3, 0, 1, 0),
('WC-2002', 'M-2002-40', 'group stage', 'Group B', 'Daejeon World Cup Stadium', '2002-06-12', 'T-67', 'T-70', 2, 3, 0, 1, 0),
('WC-2002', 'M-2002-41', 'group stage', 'Group C', 'Suwon World Cup Stadium', '2002-06-13', 'T-16', 'T-09', 2, 5, 0, 1, 0),
('WC-2002', 'M-2002-42', 'group stage', 'Group C', 'Seoul World Cup Stadium', '2002-06-13', 'T-76', 'T-14', 3, 0, 1, 0, 0),
('WC-2002', 'M-2002-43', 'group stage', 'Group G', 'International Stadium Yokohama', '2002-06-13', 'T-24', 'T-17', 1, 0, 1, 0, 0),
('WC-2002', 'M-2002-44', 'group stage', 'Group G', 'Ōita Stadium', '2002-06-13', 'T-44', 'T-39', 1, 1, 0, 0, 1),
('WC-2002', 'M-2002-45', 'group stage', 'Group H', 'Shizuoka Stadium ECOPA', '2002-06-14', 'T-06', 'T-59', 3, 2, 1, 0, 0),
('WC-2002', 'M-2002-46', 'group stage', 'Group H', 'Nagai Stadium', '2002-06-14', 'T-75', 'T-42', 0, 2, 0, 1, 0),
('WC-2002', 'M-2002-47', 'group stage', 'Group D', 'Daejeon World Cup Stadium', '2002-06-14', 'T-55', 'T-79', 3, 1, 1, 0, 0),
('WC-2002', 'M-2002-48', 'group stage', 'Group D', 'Incheon Munhak Stadium', '2002-06-14', 'T-56', 'T-68', 0, 1, 0, 1, 0),
('WC-2002', 'M-2002-49', 'round of 16', NULL, 'Jeju World Cup Stadium', '2002-06-15', 'T-29', 'T-53', 1, 0, 1, 0, 0),
('WC-2002', 'M-2002-50', 'round of 16', NULL, 'Niigata Stadium', '2002-06-15', 'T-21', 'T-27', 0, 3, 0, 1, 0),
('WC-2002', 'M-2002-51', 'round of 16', NULL, 'Ōita Stadium', '2002-06-16', 'T-71', 'T-62', 1, 2, 0, 1, 0),
('WC-2002', 'M-2002-52', 'round of 16', NULL, 'Suwon World Cup Stadium', '2002-06-16', 'T-70', 'T-57', 1, 1, 1, 0, 0),
('WC-2002', 'M-2002-53', 'round of 16', NULL, 'Jeonju World Cup Stadium', '2002-06-17', 'T-44', 'T-79', 0, 2, 0, 1, 0),
('WC-2002', 'M-2002-54', 'round of 16', NULL, 'Kobe Wing Stadium', '2002-06-17', 'T-09', 'T-06', 2, 0, 1, 0, 0),
('WC-2002', 'M-2002-55', 'round of 16', NULL, 'Miyagi Stadium', '2002-06-18', 'T-42', 'T-76', 0, 1, 0, 1, 0),
('WC-2002', 'M-2002-56', 'round of 16', NULL, 'Daejeon World Cup Stadium', '2002-06-18', 'T-68', 'T-39', 2, 1, 1, 0, 0),
('WC-2002', 'M-2002-57', 'quarter-finals', NULL, 'Shizuoka Stadium ECOPA', '2002-06-21', 'T-27', 'T-09', 1, 2, 0, 1, 0),
('WC-2002', 'M-2002-58', 'quarter-finals', NULL, 'Ulsan Munsu Football Stadium', '2002-06-21', 'T-29', 'T-79', 1, 0, 1, 0, 0),
('WC-2002', 'M-2002-59', 'quarter-finals', NULL, 'Gwangju World Cup Stadium', '2002-06-22', 'T-70', 'T-68', 0, 0, 0, 1, 0),
('WC-2002', 'M-2002-60', 'quarter-finals', NULL, 'Nagai Stadium', '2002-06-22', 'T-62', 'T-76', 0, 1, 0, 1, 0),
('WC-2002', 'M-2002-61', 'semi-finals', NULL, 'Seoul World Cup Stadium', '2002-06-25', 'T-29', 'T-68', 1, 0, 1, 0, 0),
('WC-2002', 'M-2002-62', 'semi-finals', NULL, 'Saitama Stadium', '2002-06-26', 'T-09', 'T-76', 1, 0, 1, 0, 0),
('WC-2002', 'M-2002-63', 'third-place match', NULL, 'Daegu World Cup Stadium', '2002-06-29', 'T-68', 'T-76', 2, 3, 0, 1, 0),
('WC-2002', 'M-2002-64', 'final', NULL, 'International Stadium Yokohama', '2002-06-30', 'T-29', 'T-09', 0, 2, 0, 1, 0),
('WC-2006', 'M-2006-01', 'group stage', 'Group A', 'Allianz Arena', '2006-06-09', 'T-29', 'T-16', 4, 2, 1, 0, 0),
('WC-2006', 'M-2006-02', 'group stage', 'Group A', 'Arena AufShalke', '2006-06-09', 'T-55', 'T-24', 0, 2, 0, 1, 0),
('WC-2006', 'M-2006-03', 'group stage', 'Group B', 'Waldstadion', '2006-06-10', 'T-27', 'T-53', 1, 0, 1, 0, 0),
('WC-2006', 'M-2006-04', 'group stage', 'Group B', 'Westfalenstadion', '2006-06-10', 'T-74', 'T-71', 0, 0, 0, 0, 1),
('WC-2006', 'M-2006-05', 'group stage', 'Group C', 'Volksparkstadion', '2006-06-10', 'T-03', 'T-40', 2, 1, 1, 0, 0),
('WC-2006', 'M-2006-06', 'group stage', 'Group C', 'Zentralstadion', '2006-06-11', 'T-64', 'T-46', 0, 1, 0, 1, 0),
('WC-2006', 'M-2006-07', 'group stage', 'Group D', 'Frankenstadion', '2006-06-11', 'T-44', 'T-36', 3, 1, 1, 0, 0),
('WC-2006', 'M-2006-08', 'group stage', 'Group D', 'RheinEnergieStadion', '2006-06-11', 'T-02', 'T-56', 0, 1, 0, 1, 0),
('WC-2006', 'M-2006-09', 'group stage', 'Group F', 'Fritz-Walter-Stadion', '2006-06-12', 'T-04', 'T-42', 3, 1, 1, 0, 0),
('WC-2006', 'M-2006-10', 'group stage', 'Group E', 'Arena AufShalke', '2006-06-12', 'T-79', 'T-19', 0, 3, 0, 1, 0),
('WC-2006', 'M-2006-11', 'group stage', 'Group E', 'Niedersachsenstadion', '2006-06-12', 'T-39', 'T-30', 2, 0, 1, 0, 0),
('WC-2006', 'M-2006-12', 'group stage', 'Group G', 'Waldstadion', '2006-06-13', 'T-68', 'T-73', 2, 1, 1, 0, 0),
('WC-2006', 'M-2006-13', 'group stage', 'Group G', 'Neckarstadion', '2006-06-13', 'T-28', 'T-72', 0, 0, 0, 0, 1),
('WC-2006', 'M-2006-14', 'group stage', 'Group F', 'Olympiastadion', '2006-06-13', 'T-09', 'T-17', 1, 0, 1, 0, 0),
('WC-2006', 'M-2006-15', 'group stage', 'Group H', 'Zentralstadion', '2006-06-14', 'T-70', 'T-77', 4, 0, 1, 0, 0),
('WC-2006', 'M-2006-16', 'group stage', 'Group H', 'Allianz Arena', '2006-06-14', 'T-75', 'T-60', 2, 2, 0, 0, 1),
('WC-2006', 'M-2006-17', 'group stage', 'Group A', 'Westfalenstadion', '2006-06-14', 'T-29', 'T-55', 1, 0, 1, 0, 0),
('WC-2006', 'M-2006-18', 'group stage', 'Group A', 'Volksparkstadion', '2006-06-15', 'T-24', 'T-16', 3, 0, 1, 0, 0),
('WC-2006', 'M-2006-19', 'group stage', 'Group B', 'Frankenstadion', '2006-06-15', 'T-27', 'T-74', 2, 0, 1, 0, 0),
('WC-2006', 'M-2006-20', 'group stage', 'Group B', 'Olympiastadion', '2006-06-15', 'T-71', 'T-53', 1, 0, 1, 0, 0),
('WC-2006', 'M-2006-21', 'group stage', 'Group C', 'Arena AufShalke', '2006-06-16', 'T-03', 'T-64', 6, 0, 1, 0, 0),
('WC-2006', 'M-2006-22', 'group stage', 'Group C', 'Neckarstadion', '2006-06-16', 'T-46', 'T-40', 2, 1, 1, 0, 0),
('WC-2006', 'M-2006-23', 'group stage', 'Group D', 'Niedersachsenstadion', '2006-06-16', 'T-44', 'T-02', 0, 0, 0, 0, 1),
('WC-2006', 'M-2006-24', 'group stage', 'Group D', 'Waldstadion', '2006-06-17', 'T-56', 'T-36', 2, 0, 1, 0, 0),
('WC-2006', 'M-2006-25', 'group stage', 'Group E', 'RheinEnergieStadion', '2006-06-17', 'T-19', 'T-30', 0, 2, 0, 1, 0),
('WC-2006', 'M-2006-26', 'group stage', 'Group E', 'Fritz-Walter-Stadion', '2006-06-17', 'T-39', 'T-79', 1, 1, 0, 0, 1),
('WC-2006', 'M-2006-27', 'group stage', 'Group F', 'Frankenstadion', '2006-06-18', 'T-42', 'T-17', 0, 0, 0, 0, 1),
('WC-2006', 'M-2006-28', 'group stage', 'Group F', 'Allianz Arena', '2006-06-18', 'T-09', 'T-04', 2, 0, 1, 0, 0),
('WC-2006', 'M-2006-29', 'group stage', 'Group G', 'Zentralstadion', '2006-06-18', 'T-28', 'T-68', 1, 1, 0, 0, 1),
('WC-2006', 'M-2006-30', 'group stage', 'Group G', 'Westfalenstadion', '2006-06-19', 'T-73', 'T-72', 0, 2, 0, 1, 0),
('WC-2006', 'M-2006-31', 'group stage', 'Group H', 'Volksparkstadion', '2006-06-19', 'T-60', 'T-77', 0, 4, 0, 1, 0),
('WC-2006', 'M-2006-32', 'group stage', 'Group H', 'Neckarstadion', '2006-06-19', 'T-70', 'T-75', 3, 1, 1, 0, 0),
('WC-2006', 'M-2006-33', 'group stage', 'Group A', 'Niedersachsenstadion', '2006-06-20', 'T-16', 'T-55', 1, 2, 0, 1, 0),
('WC-2006', 'M-2006-34', 'group stage', 'Group A', 'Olympiastadion', '2006-06-20', 'T-24', 'T-29', 0, 3, 0, 1, 0),
('WC-2006', 'M-2006-35', 'group stage', 'Group B', 'Fritz-Walter-Stadion', '2006-06-20', 'T-53', 'T-74', 2, 0, 1, 0, 0),
('WC-2006', 'M-2006-36', 'group stage', 'Group B', 'RheinEnergieStadion', '2006-06-20', 'T-71', 'T-27', 2, 2, 0, 0, 1),
('WC-2006', 'M-2006-37', 'group stage', 'Group D', 'Zentralstadion', '2006-06-21', 'T-36', 'T-02', 1, 1, 0, 0, 1),
('WC-2006', 'M-2006-38', 'group stage', 'Group D', 'Arena AufShalke', '2006-06-21', 'T-56', 'T-44', 2, 1, 1, 0, 0),
('WC-2006', 'M-2006-39', 'group stage', 'Group C', 'Allianz Arena', '2006-06-21', 'T-40', 'T-64', 3, 2, 1, 0, 0),
('WC-2006', 'M-2006-40', 'group stage', 'Group C', 'Waldstadion', '2006-06-21', 'T-46', 'T-03', 0, 0, 0, 0, 1),
('WC-2006', 'M-2006-41', 'group stage', 'Group E', 'Volksparkstadion', '2006-06-22', 'T-19', 'T-39', 0, 2, 0, 1, 0),
('WC-2006', 'M-2006-42', 'group stage', 'Group E', 'Frankenstadion', '2006-06-22', 'T-30', 'T-79', 2, 1, 1, 0, 0),
('WC-2006', 'M-2006-43', 'group stage', 'Group F', 'Neckarstadion', '2006-06-22', 'T-17', 'T-04', 2, 2, 0, 0, 1),
('WC-2006', 'M-2006-44', 'group stage', 'Group F', 'Westfalenstadion', '2006-06-22', 'T-42', 'T-09', 1, 4, 0, 1, 0),
('WC-2006', 'M-2006-45', 'group stage', 'Group H', 'Fritz-Walter-Stadion', '2006-06-23', 'T-60', 'T-70', 0, 1, 0, 1, 0),
('WC-2006', 'M-2006-46', 'group stage', 'Group H', 'Olympiastadion', '2006-06-23', 'T-77', 'T-75', 1, 0, 1, 0, 0),
('WC-2006', 'M-2006-47', 'group stage', 'Group G', 'Niedersachsenstadion', '2006-06-23', 'T-72', 'T-68', 2, 0, 1, 0, 0),
('WC-2006', 'M-2006-48', 'group stage', 'Group G', 'RheinEnergieStadion', '2006-06-23', 'T-73', 'T-28', 0, 2, 0, 1, 0),
('WC-2006', 'M-2006-49', 'round of 16', NULL, 'Allianz Arena', '2006-06-24', 'T-29', 'T-71', 2, 0, 1, 0, 0),
('WC-2006', 'M-2006-50', 'round of 16', NULL, 'Zentralstadion', '2006-06-24', 'T-03', 'T-44', 2, 1, 1, 0, 0),
('WC-2006', 'M-2006-51', 'round of 16', NULL, 'Neckarstadion', '2006-06-25', 'T-27', 'T-24', 1, 0, 1, 0, 0),
('WC-2006', 'M-2006-52', 'round of 16', NULL, 'Frankenstadion', '2006-06-25', 'T-56', 'T-46', 1, 0, 1, 0, 0),
('WC-2006', 'M-2006-53', 'round of 16', NULL, 'Fritz-Walter-Stadion', '2006-06-26', 'T-39', 'T-04', 1, 0, 1, 0, 0),
('WC-2006', 'M-2006-54', 'round of 16', NULL, 'RheinEnergieStadion', '2006-06-26', 'T-72', 'T-77', 0, 0, 0, 1, 0),
('WC-2006', 'M-2006-55', 'round of 16', NULL, 'Westfalenstadion', '2006-06-27', 'T-09', 'T-30', 3, 0, 1, 0, 0),
('WC-2006', 'M-2006-56', 'round of 16', NULL, 'Niedersachsenstadion', '2006-06-27', 'T-70', 'T-28', 1, 3, 0, 1, 0),
('WC-2006', 'M-2006-57', 'quarter-finals', NULL, 'Olympiastadion', '2006-06-30', 'T-29', 'T-03', 1, 1, 1, 0, 0),
('WC-2006', 'M-2006-58', 'quarter-finals', NULL, 'Volksparkstadion', '2006-06-30', 'T-39', 'T-77', 3, 0, 1, 0, 0),
('WC-2006', 'M-2006-59', 'quarter-finals', NULL, 'Arena AufShalke', '2006-07-01', 'T-27', 'T-56', 0, 0, 0, 1, 0),
('WC-2006', 'M-2006-60', 'quarter-finals', NULL, 'Waldstadion', '2006-07-01', 'T-09', 'T-28', 0, 1, 0, 1, 0),
('WC-2006', 'M-2006-61', 'semi-finals', NULL, 'Westfalenstadion', '2006-07-04', 'T-29', 'T-39', 0, 2, 0, 1, 0),
('WC-2006', 'M-2006-62', 'semi-finals', NULL, 'Allianz Arena', '2006-07-05', 'T-56', 'T-28', 0, 1, 0, 1, 0),
('WC-2006', 'M-2006-63', 'third-place match', NULL, 'Neckarstadion', '2006-07-08', 'T-29', 'T-56', 3, 1, 1, 0, 0),
('WC-2006', 'M-2006-64', 'final', NULL, 'Olympiastadion', '2006-07-09', 'T-39', 'T-28', 1, 1, 1, 0, 0),
('WC-2010', 'M-2010-01', 'group stage', 'Group A', 'Soccer City', '2010-06-11', 'T-67', 'T-44', 1, 1, 0, 0, 1),
('WC-2010', 'M-2010-02', 'group stage', 'Group A', 'Cape Town Stadium', '2010-06-11', 'T-80', 'T-28', 0, 0, 0, 0, 1),
('WC-2010', 'M-2010-03', 'group stage', 'Group B', 'Nelson Mandela Bay Stadium', '2010-06-12', 'T-68', 'T-31', 2, 0, 1, 0, 0),
('WC-2010', 'M-2010-04', 'group stage', 'Group B', 'Ellis Park Stadium', '2010-06-12', 'T-03', 'T-48', 1, 0, 1, 0, 0),
('WC-2010', 'M-2010-05', 'group stage', 'Group C', 'Royal Bafokeng Stadium', '2010-06-12', 'T-27', 'T-79', 1, 1, 0, 0, 1),
('WC-2010', 'M-2010-06', 'group stage', 'Group C', 'Peter Mokaba Stadium', '2010-06-13', 'T-01', 'T-66', 0, 1, 0, 1, 0),
('WC-2010', 'M-2010-07', 'group stage', 'Group D', 'Loftus Versfeld Stadium', '2010-06-13', 'T-63', 'T-30', 0, 1, 0, 1, 0),
('WC-2010', 'M-2010-08', 'group stage', 'Group D', 'Moses Mabhida Stadium', '2010-06-13', 'T-29', 'T-04', 4, 0, 1, 0, 0),
('WC-2010', 'M-2010-09', 'group stage', 'Group E', 'Soccer City', '2010-06-14', 'T-46', 'T-21', 2, 0, 1, 0, 0),
('WC-2010', 'M-2010-10', 'group stage', 'Group E', 'Free State Stadium', '2010-06-14', 'T-42', 'T-11', 1, 0, 1, 0, 0),
('WC-2010', 'M-2010-11', 'group stage', 'Group F', 'Cape Town Stadium', '2010-06-14', 'T-39', 'T-53', 1, 1, 0, 0, 1),
('WC-2010', 'M-2010-12', 'group stage', 'Group F', 'Royal Bafokeng Stadium', '2010-06-15', 'T-47', 'T-65', 1, 1, 0, 0, 1),
('WC-2010', 'M-2010-13', 'group stage', 'Group G', 'Nelson Mandela Bay Stadium', '2010-06-15', 'T-40', 'T-56', 0, 0, 0, 0, 1),
('WC-2010', 'M-2010-14', 'group stage', 'Group G', 'Ellis Park Stadium', '2010-06-15', 'T-09', 'T-49', 2, 1, 1, 0, 0),
('WC-2010', 'M-2010-15', 'group stage', 'Group H', 'Mbombela Stadium', '2010-06-16', 'T-33', 'T-13', 0, 1, 0, 1, 0),
('WC-2010', 'M-2010-16', 'group stage', 'Group H', 'Moses Mabhida Stadium', '2010-06-16', 'T-70', 'T-72', 0, 1, 0, 1, 0),
('WC-2010', 'M-2010-17', 'group stage', 'Group A', 'Loftus Versfeld Stadium', '2010-06-16', 'T-67', 'T-80', 0, 3, 0, 1, 0),
('WC-2010', 'M-2010-18', 'group stage', 'Group B', 'Soccer City', '2010-06-17', 'T-03', 'T-68', 4, 1, 1, 0, 0),
('WC-2010', 'M-2010-19', 'group stage', 'Group B', 'Free State Stadium', '2010-06-17', 'T-31', 'T-48', 2, 1, 1, 0, 0),
('WC-2010', 'M-2010-20', 'group stage', 'Group A', 'Peter Mokaba Stadium', '2010-06-17', 'T-28', 'T-44', 0, 2, 0, 1, 0),
('WC-2010', 'M-2010-21', 'group stage', 'Group D', 'Nelson Mandela Bay Stadium', '2010-06-18', 'T-29', 'T-63', 0, 1, 0, 1, 0),
('WC-2010', 'M-2010-22', 'group stage', 'Group C', 'Ellis Park Stadium', '2010-06-18', 'T-66', 'T-79', 2, 2, 0, 0, 1),
('WC-2010', 'M-2010-23', 'group stage', 'Group C', 'Cape Town Stadium', '2010-06-18', 'T-27', 'T-01', 0, 0, 0, 0, 1),
('WC-2010', 'M-2010-24', 'group stage', 'Group E', 'Moses Mabhida Stadium', '2010-06-19', 'T-46', 'T-42', 1, 0, 1, 0, 0),
('WC-2010', 'M-2010-25', 'group stage', 'Group D', 'Royal Bafokeng Stadium', '2010-06-19', 'T-30', 'T-04', 1, 1, 0, 0, 1),
('WC-2010', 'M-2010-26', 'group stage', 'Group E', 'Loftus Versfeld Stadium', '2010-06-19', 'T-11', 'T-21', 1, 2, 0, 1, 0),
('WC-2010', 'M-2010-27', 'group stage', 'Group F', 'Free State Stadium', '2010-06-20', 'T-65', 'T-53', 0, 2, 0, 1, 0),
('WC-2010', 'M-2010-28', 'group stage', 'Group F', 'Mbombela Stadium', '2010-06-20', 'T-39', 'T-47', 1, 1, 0, 0, 1),
('WC-2010', 'M-2010-29', 'group stage', 'Group G', 'Soccer City', '2010-06-20', 'T-09', 'T-40', 3, 1, 1, 0, 0),
('WC-2010', 'M-2010-30', 'group stage', 'Group G', 'Cape Town Stadium', '2010-06-21', 'T-56', 'T-49', 7, 0, 1, 0, 0),
('WC-2010', 'M-2010-31', 'group stage', 'Group H', 'Nelson Mandela Bay Stadium', '2010-06-21', 'T-13', 'T-72', 1, 0, 1, 0, 0),
('WC-2010', 'M-2010-32', 'group stage', 'Group H', 'Ellis Park Stadium', '2010-06-21', 'T-70', 'T-33', 2, 0, 1, 0, 0),
('WC-2010', 'M-2010-33', 'group stage', 'Group A', 'Free State Stadium', '2010-06-22', 'T-28', 'T-67', 1, 2, 0, 1, 0),
('WC-2010', 'M-2010-34', 'group stage', 'Group A', 'Royal Bafokeng Stadium', '2010-06-22', 'T-44', 'T-80', 0, 1, 0, 1, 0),
('WC-2010', 'M-2010-35', 'group stage', 'Group B', 'Peter Mokaba Stadium', '2010-06-22', 'T-31', 'T-03', 0, 2, 0, 1, 0),
('WC-2010', 'M-2010-36', 'group stage', 'Group B', 'Moses Mabhida Stadium', '2010-06-22', 'T-48', 'T-68', 2, 2, 0, 0, 1),
('WC-2010', 'M-2010-37', 'group stage', 'Group C', 'Nelson Mandela Bay Stadium', '2010-06-23', 'T-66', 'T-27', 0, 1, 0, 1, 0),
('WC-2010', 'M-2010-38', 'group stage', 'Group C', 'Loftus Versfeld Stadium', '2010-06-23', 'T-79', 'T-01', 1, 0, 1, 0, 0),
('WC-2010', 'M-2010-39', 'group stage', 'Group D', 'Mbombela Stadium', '2010-06-23', 'T-04', 'T-63', 2, 1, 1, 0, 0),
('WC-2010', 'M-2010-40', 'group stage', 'Group D', 'Soccer City', '2010-06-23', 'T-30', 'T-29', 0, 1, 0, 1, 0),
('WC-2010', 'M-2010-41', 'group stage', 'Group F', 'Peter Mokaba Stadium', '2010-06-24', 'T-53', 'T-47', 0, 0, 0, 0, 1),
('WC-2010', 'M-2010-42', 'group stage', 'Group F', 'Ellis Park Stadium', '2010-06-24', 'T-65', 'T-39', 3, 2, 1, 0, 0),
('WC-2010', 'M-2010-43', 'group stage', 'Group E', 'Cape Town Stadium', '2010-06-24', 'T-11', 'T-46', 1, 2, 0, 1, 0),
('WC-2010', 'M-2010-44', 'group stage', 'Group E', 'Royal Bafokeng Stadium', '2010-06-24', 'T-21', 'T-42', 1, 3, 0, 1, 0),
('WC-2010', 'M-2010-45', 'group stage', 'Group G', 'Mbombela Stadium', '2010-06-25', 'T-49', 'T-40', 0, 3, 0, 1, 0),
('WC-2010', 'M-2010-46', 'group stage', 'Group G', 'Moses Mabhida Stadium', '2010-06-25', 'T-56', 'T-09', 0, 0, 0, 0, 1),
('WC-2010', 'M-2010-47', 'group stage', 'Group H', 'Loftus Versfeld Stadium', '2010-06-25', 'T-13', 'T-70', 1, 2, 0, 1, 0),
('WC-2010', 'M-2010-48', 'group stage', 'Group H', 'Free State Stadium', '2010-06-25', 'T-72', 'T-33', 0, 0, 0, 0, 1),
('WC-2010', 'M-2010-49', 'round of 16', NULL, 'Nelson Mandela Bay Stadium', '2010-06-26', 'T-80', 'T-68', 2, 1, 1, 0, 0),
('WC-2010', 'M-2010-50', 'round of 16', NULL, 'Royal Bafokeng Stadium', '2010-06-26', 'T-79', 'T-30', 1, 2, 0, 1, 0),
('WC-2010', 'M-2010-51', 'round of 16', NULL, 'Free State Stadium', '2010-06-27', 'T-29', 'T-27', 4, 1, 1, 0, 0),
('WC-2010', 'M-2010-52', 'round of 16', NULL, 'Soccer City', '2010-06-27', 'T-03', 'T-44', 3, 1, 1, 0, 0),
('WC-2010', 'M-2010-53', 'round of 16', NULL, 'Moses Mabhida Stadium', '2010-06-28', 'T-46', 'T-65', 2, 1, 1, 0, 0),
('WC-2010', 'M-2010-54', 'round of 16', NULL, 'Ellis Park Stadium', '2010-06-28', 'T-09', 'T-13', 3, 0, 1, 0, 0),
('WC-2010', 'M-2010-55', 'round of 16', NULL, 'Loftus Versfeld Stadium', '2010-06-29', 'T-53', 'T-42', 0, 0, 1, 0, 0),
('WC-2010', 'M-2010-56', 'round of 16', NULL, 'Cape Town Stadium', '2010-06-29', 'T-70', 'T-56', 1, 0, 1, 0, 0),
('WC-2010', 'M-2010-57', 'quarter-finals', NULL, 'Nelson Mandela Bay Stadium', '2010-07-02', 'T-46', 'T-09', 2, 1, 1, 0, 0),
('WC-2010', 'M-2010-58', 'quarter-finals', NULL, 'Soccer City', '2010-07-02', 'T-80', 'T-30', 1, 1, 1, 0, 0),
('WC-2010', 'M-2010-59', 'quarter-finals', NULL, 'Cape Town Stadium', '2010-07-03', 'T-03', 'T-29', 0, 4, 0, 1, 0),
('WC-2010', 'M-2010-60', 'quarter-finals', NULL, 'Ellis Park Stadium', '2010-07-03', 'T-53', 'T-70', 0, 1, 0, 1, 0),
('WC-2010', 'M-2010-61', 'semi-finals', NULL, 'Cape Town Stadium', '2010-07-06', 'T-80', 'T-46', 2, 3, 0, 1, 0),
('WC-2010', 'M-2010-62', 'semi-finals', NULL, 'Moses Mabhida Stadium', '2010-07-07', 'T-29', 'T-70', 0, 1, 0, 1, 0),
('WC-2010', 'M-2010-63', 'third-place match', NULL, 'Nelson Mandela Bay Stadium', '2010-07-10', 'T-80', 'T-29', 2, 3, 0, 1, 0),
('WC-2010', 'M-2010-64', 'final', NULL, 'Soccer City', '2010-07-11', 'T-46', 'T-70', 0, 1, 0, 1, 0),
('WC-2014', 'M-2014-01', 'group stage', 'Group A', 'Arena Corinthians', '2014-06-12', 'T-09', 'T-17', 3, 1, 1, 0, 0),
('WC-2014', 'M-2014-02', 'group stage', 'Group A', 'Arena das Dunas', '2014-06-13', 'T-44', 'T-11', 1, 0, 1, 0, 0),
('WC-2014', 'M-2014-03', 'group stage', 'Group B', 'Arena Fonte Nova', '2014-06-13', 'T-70', 'T-46', 1, 5, 0, 1, 0),
('WC-2014', 'M-2014-04', 'group stage', 'Group B', 'Arena Pantanal', '2014-06-13', 'T-13', 'T-04', 3, 1, 1, 0, 0),
('WC-2014', 'M-2014-05', 'group stage', 'Group C', 'Estádio Mineirão', '2014-06-14', 'T-15', 'T-31', 3, 0, 1, 0, 0),
('WC-2014', 'M-2014-06', 'group stage', 'Group D', 'Estádio Castelão', '2014-06-14', 'T-80', 'T-16', 1, 3, 0, 1, 0),
('WC-2014', 'M-2014-07', 'group stage', 'Group D', 'Arena da Amazônia', '2014-06-14', 'T-27', 'T-39', 1, 2, 0, 1, 0),
('WC-2014', 'M-2014-08', 'group stage', 'Group C', 'Arena Pernambuco', '2014-06-14', 'T-40', 'T-42', 2, 1, 1, 0, 0),
('WC-2014', 'M-2014-09', 'group stage', 'Group E', 'Estádio Nacional', '2014-06-15', 'T-72', 'T-24', 2, 1, 1, 0, 0),
('WC-2014', 'M-2014-10', 'group stage', 'Group E', 'Estádio Beira-Rio', '2014-06-15', 'T-28', 'T-33', 3, 0, 1, 0, 0),
('WC-2014', 'M-2014-11', 'group stage', 'Group F', 'Estádio do Maracanã', '2014-06-15', 'T-03', 'T-08', 2, 1, 1, 0, 0),
('WC-2014', 'M-2014-12', 'group stage', 'Group G', 'Arena Fonte Nova', '2014-06-16', 'T-29', 'T-56', 4, 0, 1, 0, 0),
('WC-2014', 'M-2014-13', 'group stage', 'Group F', 'Arena da Baixada', '2014-06-16', 'T-36', 'T-48', 0, 0, 0, 0, 1),
('WC-2014', 'M-2014-14', 'group stage', 'Group G', 'Arena das Dunas', '2014-06-16', 'T-30', 'T-79', 1, 2, 0, 1, 0),
('WC-2014', 'M-2014-15', 'group stage', 'Group H', 'Estádio Mineirão', '2014-06-17', 'T-06', 'T-01', 2, 1, 1, 0, 0),
('WC-2014', 'M-2014-16', 'group stage', 'Group A', 'Estádio Castelão', '2014-06-17', 'T-09', 'T-44', 0, 0, 0, 0, 1),
('WC-2014', 'M-2014-17', 'group stage', 'Group H', 'Arena Pantanal', '2014-06-17', 'T-59', 'T-68', 1, 1, 0, 0, 1),
('WC-2014', 'M-2014-18', 'group stage', 'Group B', 'Estádio Beira-Rio', '2014-06-18', 'T-04', 'T-46', 2, 3, 0, 1, 0),
('WC-2014', 'M-2014-19', 'group stage', 'Group B', 'Estádio do Maracanã', '2014-06-18', 'T-70', 'T-13', 0, 2, 0, 1, 0),
('WC-2014', 'M-2014-20', 'group stage', 'Group A', 'Arena da Amazônia', '2014-06-18', 'T-11', 'T-17', 0, 4, 0, 1, 0),
('WC-2014', 'M-2014-21', 'group stage', 'Group C', 'Estádio Nacional', '2014-06-19', 'T-15', 'T-40', 2, 1, 1, 0, 0),
('WC-2014', 'M-2014-22', 'group stage', 'Group D', 'Arena Corinthians', '2014-06-19', 'T-80', 'T-27', 2, 1, 1, 0, 0),
('WC-2014', 'M-2014-23', 'group stage', 'Group C', 'Arena das Dunas', '2014-06-19', 'T-42', 'T-31', 0, 0, 0, 0, 1),
('WC-2014', 'M-2014-24', 'group stage', 'Group D', 'Arena Pernambuco', '2014-06-20', 'T-39', 'T-16', 0, 1, 0, 1, 0),
('WC-2014', 'M-2014-25', 'group stage', 'Group E', 'Arena Fonte Nova', '2014-06-20', 'T-72', 'T-28', 2, 5, 0, 1, 0),
('WC-2014', 'M-2014-26', 'group stage', 'Group E', 'Arena da Baixada', '2014-06-20', 'T-33', 'T-24', 1, 2, 0, 1, 0),
('WC-2014', 'M-2014-27', 'group stage', 'Group F', 'Estádio Mineirão', '2014-06-21', 'T-03', 'T-36', 1, 0, 1, 0, 0),
('WC-2014', 'M-2014-28', 'group stage', 'Group G', 'Estádio Castelão', '2014-06-21', 'T-29', 'T-30', 2, 2, 0, 0, 1),
('WC-2014', 'M-2014-29', 'group stage', 'Group F', 'Arena Pantanal', '2014-06-21', 'T-48', 'T-08', 1, 0, 1, 0, 0),
('WC-2014', 'M-2014-30', 'group stage', 'Group H', 'Estádio do Maracanã', '2014-06-22', 'T-06', 'T-59', 1, 0, 1, 0, 0),
('WC-2014', 'M-2014-31', 'group stage', 'Group H', 'Estádio Beira-Rio', '2014-06-22', 'T-68', 'T-01', 2, 4, 0, 1, 0),
('WC-2014', 'M-2014-32', 'group stage', 'Group G', 'Arena da Amazônia', '2014-06-22', 'T-79', 'T-56', 2, 2, 0, 0, 1),
('WC-2014', 'M-2014-33', 'group stage', 'Group B', 'Arena da Baixada', '2014-06-23', 'T-04', 'T-70', 0, 3, 0, 1, 0),
('WC-2014', 'M-2014-34', 'group stage', 'Group B', 'Arena Corinthians', '2014-06-23', 'T-46', 'T-13', 2, 0, 1, 0, 0),
('WC-2014', 'M-2014-35', 'group stage', 'Group A', 'Estádio Nacional', '2014-06-23', 'T-11', 'T-09', 1, 4, 0, 1, 0),
('WC-2014', 'M-2014-36', 'group stage', 'Group A', 'Arena Pernambuco', '2014-06-23', 'T-17', 'T-44', 1, 3, 0, 1, 0),
('WC-2014', 'M-2014-37', 'group stage', 'Group D', 'Estádio Mineirão', '2014-06-24', 'T-16', 'T-27', 0, 0, 0, 0, 1),
('WC-2014', 'M-2014-38', 'group stage', 'Group D', 'Arena das Dunas', '2014-06-24', 'T-39', 'T-80', 0, 1, 0, 1, 0),
('WC-2014', 'M-2014-39', 'group stage', 'Group C', 'Arena Pantanal', '2014-06-24', 'T-42', 'T-15', 1, 4, 0, 1, 0),
('WC-2014', 'M-2014-40', 'group stage', 'Group C', 'Estádio Castelão', '2014-06-24', 'T-31', 'T-40', 2, 1, 1, 0, 0),
('WC-2014', 'M-2014-41', 'group stage', 'Group F', 'Arena Fonte Nova', '2014-06-25', 'T-08', 'T-36', 3, 1, 1, 0, 0),
('WC-2014', 'M-2014-42', 'group stage', 'Group F', 'Estádio Beira-Rio', '2014-06-25', 'T-48', 'T-03', 2, 3, 0, 1, 0),
('WC-2014', 'M-2014-43', 'group stage', 'Group E', 'Arena da Amazônia', '2014-06-25', 'T-33', 'T-72', 0, 3, 0, 1, 0),
('WC-2014', 'M-2014-44', 'group stage', 'Group E', 'Estádio do Maracanã', '2014-06-25', 'T-24', 'T-28', 0, 0, 0, 0, 1),
('WC-2014', 'M-2014-45', 'group stage', 'Group G', 'Estádio Nacional', '2014-06-26', 'T-56', 'T-30', 2, 1, 1, 0, 0),
('WC-2014', 'M-2014-46', 'group stage', 'Group G', 'Arena Pernambuco', '2014-06-26', 'T-79', 'T-29', 0, 1, 0, 1, 0),
('WC-2014', 'M-2014-47', 'group stage', 'Group H', 'Arena da Baixada', '2014-06-26', 'T-01', 'T-59', 1, 1, 0, 0, 1),
('WC-2014', 'M-2014-48', 'group stage', 'Group H', 'Arena Corinthians', '2014-06-26', 'T-68', 'T-06', 0, 1, 0, 1, 0),
('WC-2014', 'M-2014-49', 'round of 16', NULL, 'Estádio Mineirão', '2014-06-28', 'T-09', 'T-13', 1, 1, 1, 0, 0),
('WC-2014', 'M-2014-50', 'round of 16', NULL, 'Estádio do Maracanã', '2014-06-28', 'T-15', 'T-80', 2, 0, 1, 0, 0),
('WC-2014', 'M-2014-51', 'round of 16', NULL, 'Estádio Castelão', '2014-06-29', 'T-46', 'T-44', 2, 1, 1, 0, 0),
('WC-2014', 'M-2014-52', 'round of 16', NULL, 'Arena Pernambuco', '2014-06-29', 'T-16', 'T-31', 1, 1, 1, 0, 0),
('WC-2014', 'M-2014-53', 'round of 16', NULL, 'Estádio Nacional', '2014-06-30', 'T-28', 'T-48', 2, 0, 1, 0, 0),
('WC-2014', 'M-2014-54', 'round of 16', NULL, 'Estádio Beira-Rio', '2014-06-30', 'T-29', 'T-01', 2, 1, 1, 0, 0),
('WC-2014', 'M-2014-55', 'round of 16', NULL, 'Arena Corinthians', '2014-07-01', 'T-03', 'T-72', 1, 0, 1, 0, 0),
('WC-2014', 'M-2014-56', 'round of 16', NULL, 'Arena Fonte Nova', '2014-07-01', 'T-06', 'T-79', 2, 1, 1, 0, 0),
('WC-2014', 'M-2014-57', 'quarter-finals', NULL, 'Estádio do Maracanã', '2014-07-04', 'T-28', 'T-29', 0, 1, 0, 1, 0),
('WC-2014', 'M-2014-58', 'quarter-finals', NULL, 'Estádio Castelão', '2014-07-04', 'T-09', 'T-15', 2, 1, 1, 0, 0),
('WC-2014', 'M-2014-59', 'quarter-finals', NULL, 'Estádio Nacional', '2014-07-05', 'T-03', 'T-06', 1, 0, 1, 0, 0),
('WC-2014', 'M-2014-60', 'quarter-finals', NULL, 'Arena Fonte Nova', '2014-07-05', 'T-46', 'T-16', 0, 0, 1, 0, 0),
('WC-2014', 'M-2014-61', 'semi-finals', NULL, 'Estádio Mineirão', '2014-07-08', 'T-09', 'T-29', 1, 7, 0, 1, 0),
('WC-2014', 'M-2014-62', 'semi-finals', NULL, 'Arena Corinthians', '2014-07-09', 'T-46', 'T-03', 0, 0, 0, 1, 0),
('WC-2014', 'M-2014-63', 'third-place match', NULL, 'Estádio Nacional', '2014-07-12', 'T-09', 'T-46', 0, 3, 0, 1, 0),
('WC-2014', 'M-2014-64', 'final', NULL, 'Estádio do Maracanã', '2014-07-13', 'T-29', 'T-03', 1, 0, 1, 0, 0),
('WC-2018', 'M-2018-01', 'group stage', 'Group A', 'Luzhniki Stadium', '2018-06-14', 'T-59', 'T-60', 5, 0, 1, 0, 0),
('WC-2018', 'M-2018-02', 'group stage', 'Group A', 'Central Stadium', '2018-06-15', 'T-25', 'T-80', 0, 1, 0, 1, 0),
('WC-2018', 'M-2018-03', 'group stage', 'Group B', 'Krestovsky Stadium', '2018-06-15', 'T-45', 'T-36', 0, 1, 0, 1, 0),
('WC-2018', 'M-2018-04', 'group stage', 'Group B', 'Fisht Olympic Stadium', '2018-06-15', 'T-56', 'T-70', 3, 3, 0, 0, 1),
('WC-2018', 'M-2018-05', 'group stage', 'Group C', 'Kazan Arena', '2018-06-16', 'T-28', 'T-04', 2, 1, 1, 0, 0),
('WC-2018', 'M-2018-06', 'group stage', 'Group D', 'Otkritie Arena', '2018-06-16', 'T-03', 'T-35', 1, 1, 0, 0, 1),
('WC-2018', 'M-2018-07', 'group stage', 'Group C', 'Mordovia Arena', '2018-06-16', 'T-54', 'T-21', 0, 1, 0, 1, 0),
('WC-2018', 'M-2018-08', 'group stage', 'Group D', 'Kaliningrad Stadium', '2018-06-16', 'T-17', 'T-48', 2, 0, 1, 0, 0),
('WC-2018', 'M-2018-09', 'group stage', 'Group E', 'Samara Arena', '2018-06-17', 'T-16', 'T-63', 0, 1, 0, 1, 0),
('WC-2018', 'M-2018-10', 'group stage', 'Group F', 'Luzhniki Stadium', '2018-06-17', 'T-29', 'T-44', 0, 1, 0, 1, 0),
('WC-2018', 'M-2018-11', 'group stage', 'Group E', 'Rostov Arena', '2018-06-17', 'T-09', 'T-72', 1, 1, 0, 0, 1),
('WC-2018', 'M-2018-12', 'group stage', 'Group F', 'Nizhny Novgorod Stadium', '2018-06-18', 'T-71', 'T-68', 1, 0, 1, 0, 0),
('WC-2018', 'M-2018-13', 'group stage', 'Group G', 'Fisht Olympic Stadium', '2018-06-18', 'T-06', 'T-52', 3, 0, 1, 0, 0),
('WC-2018', 'M-2018-14', 'group stage', 'Group G', 'Volgograd Arena', '2018-06-18', 'T-75', 'T-27', 1, 2, 0, 1, 0),
('WC-2018', 'M-2018-15', 'group stage', 'Group H', 'Mordovia Arena', '2018-06-19', 'T-15', 'T-42', 1, 2, 0, 1, 0),
('WC-2018', 'M-2018-16', 'group stage', 'Group H', 'Otkritie Arena', '2018-06-19', 'T-55', 'T-62', 1, 2, 0, 1, 0),
('WC-2018', 'M-2018-17', 'group stage', 'Group A', 'Krestovsky Stadium', '2018-06-19', 'T-59', 'T-25', 3, 1, 1, 0, 0),
('WC-2018', 'M-2018-18', 'group stage', 'Group B', 'Luzhniki Stadium', '2018-06-20', 'T-56', 'T-45', 1, 0, 1, 0, 0),
('WC-2018', 'M-2018-19', 'group stage', 'Group A', 'Rostov Arena', '2018-06-20', 'T-80', 'T-60', 1, 0, 1, 0, 0),
('WC-2018', 'M-2018-20', 'group stage', 'Group B', 'Kazan Arena', '2018-06-20', 'T-36', 'T-70', 0, 1, 0, 1, 0),
('WC-2018', 'M-2018-21', 'group stage', 'Group C', 'Samara Arena', '2018-06-21', 'T-21', 'T-04', 1, 1, 0, 0, 1),
('WC-2018', 'M-2018-22', 'group stage', 'Group C', 'Central Stadium', '2018-06-21', 'T-28', 'T-54', 1, 0, 1, 0, 0),
('WC-2018', 'M-2018-23', 'group stage', 'Group D', 'Nizhny Novgorod Stadium', '2018-06-21', 'T-03', 'T-17', 0, 3, 0, 1, 0),
('WC-2018', 'M-2018-24', 'group stage', 'Group E', 'Krestovsky Stadium', '2018-06-22', 'T-09', 'T-16', 2, 0, 1, 0, 0),
('WC-2018', 'M-2018-25', 'group stage', 'Group D', 'Volgograd Arena', '2018-06-22', 'T-48', 'T-35', 2, 0, 1, 0, 0),
('WC-2018', 'M-2018-26', 'group stage', 'Group E', 'Kaliningrad Stadium', '2018-06-22', 'T-63', 'T-72', 1, 2, 0, 1, 0),
('WC-2018', 'M-2018-27', 'group stage', 'Group G', 'Otkritie Arena', '2018-06-23', 'T-06', 'T-75', 5, 2, 1, 0, 0),
('WC-2018', 'M-2018-28', 'group stage', 'Group F', 'Rostov Arena', '2018-06-23', 'T-68', 'T-44', 1, 2, 0, 1, 0),
('WC-2018', 'M-2018-29', 'group stage', 'Group F', 'Fisht Olympic Stadium', '2018-06-23', 'T-29', 'T-71', 2, 1, 1, 0, 0),
('WC-2018', 'M-2018-30', 'group stage', 'Group G', 'Nizhny Novgorod Stadium', '2018-06-24', 'T-27', 'T-52', 6, 1, 1, 0, 0),
('WC-2018', 'M-2018-31', 'group stage', 'Group H', 'Central Stadium', '2018-06-24', 'T-42', 'T-62', 2, 2, 0, 0, 1),
('WC-2018', 'M-2018-32', 'group stage', 'Group H', 'Kazan Arena', '2018-06-24', 'T-55', 'T-15', 0, 3, 0, 1, 0),
('WC-2018', 'M-2018-33', 'group stage', 'Group A', 'Volgograd Arena', '2018-06-25', 'T-60', 'T-25', 2, 1, 1, 0, 0),
('WC-2018', 'M-2018-34', 'group stage', 'Group A', 'Samara Arena', '2018-06-25', 'T-80', 'T-59', 3, 0, 1, 0, 0),
('WC-2018', 'M-2018-35', 'group stage', 'Group B', 'Kaliningrad Stadium', '2018-06-25', 'T-70', 'T-45', 2, 2, 0, 0, 1),
('WC-2018', 'M-2018-36', 'group stage', 'Group B', 'Mordovia Arena', '2018-06-25', 'T-36', 'T-56', 1, 1, 0, 0, 1),
('WC-2018', 'M-2018-37', 'group stage', 'Group C', 'Fisht Olympic Stadium', '2018-06-26', 'T-04', 'T-54', 0, 2, 0, 1, 0),
('WC-2018', 'M-2018-38', 'group stage', 'Group C', 'Luzhniki Stadium', '2018-06-26', 'T-21', 'T-28', 0, 0, 0, 0, 1),
('WC-2018', 'M-2018-39', 'group stage', 'Group D', 'Rostov Arena', '2018-06-26', 'T-35', 'T-17', 1, 2, 0, 1, 0),
('WC-2018', 'M-2018-40', 'group stage', 'Group D', 'Krestovsky Stadium', '2018-06-26', 'T-48', 'T-03', 1, 2, 0, 1, 0),
('WC-2018', 'M-2018-41', 'group stage', 'Group F', 'Kazan Arena', '2018-06-27', 'T-68', 'T-29', 2, 0, 1, 0, 0),
('WC-2018', 'M-2018-42', 'group stage', 'Group F', 'Central Stadium', '2018-06-27', 'T-44', 'T-71', 0, 3, 0, 1, 0),
('WC-2018', 'M-2018-43', 'group stage', 'Group E', 'Otkritie Arena', '2018-06-27', 'T-63', 'T-09', 0, 2, 0, 1, 0),
('WC-2018', 'M-2018-44', 'group stage', 'Group E', 'Nizhny Novgorod Stadium', '2018-06-27', 'T-72', 'T-16', 2, 2, 0, 0, 1),
('WC-2018', 'M-2018-45', 'group stage', 'Group H', 'Volgograd Arena', '2018-06-28', 'T-42', 'T-55', 0, 1, 0, 1, 0),
('WC-2018', 'M-2018-46', 'group stage', 'Group H', 'Samara Arena', '2018-06-28', 'T-62', 'T-15', 0, 1, 0, 1, 0),
('WC-2018', 'M-2018-47', 'group stage', 'Group G', 'Kaliningrad Stadium', '2018-06-28', 'T-27', 'T-06', 0, 1, 0, 1, 0),
('WC-2018', 'M-2018-48', 'group stage', 'Group G', 'Mordovia Arena', '2018-06-28', 'T-52', 'T-75', 1, 2, 0, 1, 0),
('WC-2018', 'M-2018-49', 'round of 16', NULL, 'Kazan Arena', '2018-06-30', 'T-28', 'T-03', 4, 3, 1, 0, 0),
('WC-2018', 'M-2018-50', 'round of 16', NULL, 'Fisht Olympic Stadium', '2018-06-30', 'T-80', 'T-56', 2, 1, 1, 0, 0),
('WC-2018', 'M-2018-51', 'round of 16', NULL, 'Luzhniki Stadium', '2018-07-01', 'T-70', 'T-59', 1, 1, 0, 1, 0),
('WC-2018', 'M-2018-52', 'round of 16', NULL, 'Nizhny Novgorod Stadium', '2018-07-01', 'T-17', 'T-21', 1, 1, 1, 0, 0),
('WC-2018', 'M-2018-53', 'round of 16', NULL, 'Samara Arena', '2018-07-02', 'T-09', 'T-44', 2, 0, 1, 0, 0),
('WC-2018', 'M-2018-54', 'round of 16', NULL, 'Rostov Arena', '2018-07-02', 'T-06', 'T-42', 3, 2, 1, 0, 0),
('WC-2018', 'M-2018-55', 'round of 16', NULL, 'Krestovsky Stadium', '2018-07-03', 'T-71', 'T-72', 1, 0, 1, 0, 0),
('WC-2018', 'M-2018-56', 'round of 16', NULL, 'Otkritie Arena', '2018-07-03', 'T-15', 'T-27', 1, 1, 0, 1, 0),
('WC-2018', 'M-2018-57', 'quarter-finals', NULL, 'Nizhny Novgorod Stadium', '2018-07-06', 'T-80', 'T-28', 0, 2, 0, 1, 0),
('WC-2018', 'M-2018-58', 'quarter-finals', NULL, 'Kazan Arena', '2018-07-06', 'T-09', 'T-06', 1, 2, 0, 1, 0),
('WC-2018', 'M-2018-59', 'quarter-finals', NULL, 'Samara Arena', '2018-07-07', 'T-71', 'T-27', 0, 2, 0, 1, 0),
('WC-2018', 'M-2018-60', 'quarter-finals', NULL, 'Fisht Olympic Stadium', '2018-07-07', 'T-59', 'T-17', 2, 2, 0, 1, 0),
('WC-2018', 'M-2018-61', 'semi-finals', NULL, 'Krestovsky Stadium', '2018-07-10', 'T-28', 'T-06', 1, 0, 1, 0, 0),
('WC-2018', 'M-2018-62', 'semi-finals', NULL, 'Luzhniki Stadium', '2018-07-11', 'T-17', 'T-27', 2, 1, 1, 0, 0),
('WC-2018', 'M-2018-63', 'third-place match', NULL, 'Krestovsky Stadium', '2018-07-14', 'T-06', 'T-27', 2, 0, 1, 0, 0),
('WC-2018', 'M-2018-64', 'final', NULL, 'Luzhniki Stadium', '2018-07-15', 'T-28', 'T-17', 4, 2, 1, 0, 0);

SET FOREIGN_KEY_CHECKS = 1;

-- Fim do script de inserção